field,zone,planting_date,variety,method,inputs,protection,planting_rate,sand,silt,clay,organic_matter,harvest_date
Allans 07,1,01/04/2019,Krypton,Drilled,Conventional,Barley,249820,39,37,24,29.6,15/12/2019
Allans 07,2,01/04/2019,Krypton,Drilled,Conventional,Barley,249820,39,37,24,29.6,15/12/2019
Allans 07,3,01/04/2019,Longton,Drilled,Conventional,Barley,256524,39,37,24,29.6,15/12/2019
Allans 07,4,01/04/2019,Longton,Drilled,Conventional,Barley,256524,39,37,24,29.6,15/12/2019
Allans 07,5,01/04/2019,Batter,Drilled,Conventional,Barley,247048,39,37,24,29.6,15/12/2019
Allans 07,6,01/04/2019,Batter,Drilled,Conventional,Barley,247048,39,37,24,29.6,15/12/2019
Allans 12,1,02/05/2020,Longton,Drilled,Conventional,Barley,258471,27,45,28,32.8,14/04/2021
Allans 12,2,02/05/2020,Longton,Drilled,Conventional,Barley,258471,27,45,28,32.8,14/04/2021
Allans 12,3,02/05/2020,Longton,Drilled,Conventional,Barley,258471,27,45,28,32.8,14/04/2021
Allans 12,4,02/05/2020,Longton,Drilled,Conventional,Barley,258471,27,45,28,32.8,14/04/2021
Allans 16/17,1,03/05/2020,Lexton,Drilled,Conventional,Barley,281246,25,44,31,36.4,23/02/2021
Allans 16/17,2,03/05/2020,Batter,Drilled,Conventional,Barley,266544,35,38,27,23.8,23/02/2021
Allans 16/17,3,03/05/2020,Batter,Drilled,Conventional,Barley,266544,35,38,27,23.8,23/02/2021
Allans 16/17,4,03/05/2020,Chiefton,Drilled,Conventional,Barley,255391,35,38,27,23.8,23/02/2021
Allans 16/17,5,05/05/2020,Chiefton,Drilled,Conventional,Barley,255391,35,38,27,23.8,23/02/2021
Allans 16/17,6,05/05/2020,Lexton,Drilled,Conventional,Barley,281246,25,44,31,36.4,23/02/2021
Allans 18,1,23/04/2019,Lexton,Drilled,Conventional,Barley,267084,31,36,33,19.9,17/03/2020
Allans 18,2,23/04/2019,Lexton,Drilled,Conventional,Barley,267084,31,36,33,19.9,17/03/2020
Allans 18,3,23/04/2019,Lexton,Drilled,Conventional,Barley,267084,31,36,33,19.9,17/03/2020
Allans 18,4,23/04/2019,Lexton,Drilled,Conventional,Barley,243978,31,36,33,19.9,17/03/2020
Allans 18,5,23/04/2019,Lexton,Drilled,Conventional,Barley,243978,31,36,33,19.9,17/03/2020
Allans 18,6,23/04/2019,Lexton,Drilled,Conventional,Barley,243978,31,36,33,19.9,17/03/2020
Allans 18,7,23/04/2019,Chiefton,Drilled,Conventional,Barley,240000,31,36,33,19.9,17/03/2020
Allans 18,8,23/04/2019,Chiefton,Drilled,Conventional,Barley,240000,31,36,33,19.9,17/03/2020
Allans 22,1,03/04/2019,Krypton,Plant Tape,Conventional,None,200000,35,36,29,17,31/10/2019
Allans 22,2,03/04/2019,Krypton,Plant Tape,Conventional,None,200000,35,36,29,17,31/10/2019
Allans 22,3,16/04/2019,Shafton,Plant Tape,Conventional,None,200000,35,36,29,17,31/10/2019
Allans 22,4,16/04/2019,Shafton,Plant Tape,Conventional,None,200000,35,36,29,17,31/10/2019
Angoods 1,1,07/04/2020,Krypton,Drilled,Conventional,Barley,326172,42,33,25,19.3,05/12/2020
Angoods 1,2,07/04/2020,Krypton,Drilled,Conventional,Barley,326172,42,33,25,19.3,05/12/2020
Angoods 1,3,08/04/2020,Krypton,Drilled,Conventional,Barley,276752,42,33,25,19.3,05/12/2020
Angoods 1,4,08/04/2020,Krypton,Drilled,Conventional,Barley,276752,42,33,25,19.3,05/12/2020
Angoods 1,5,08/04/2020,Krypton,Drilled,Conventional,Barley,285240,42,33,25,19.3,05/12/2020
Angoods 1,6,08/04/2020,Krypton,Drilled,Conventional,Barley,285240,42,33,25,19.3,05/12/2020
Angoods 1,7,08/04/2020,Krypton,Drilled,Conventional,Barley,285240,42,33,25,19.3,05/12/2020
Angoods 4,1,30/03/2019,Chiefton,Drilled,Conventional,Barley,257379,43,33,24,19.5,07/01/2020
Angoods 4,2,30/03/2019,Chiefton,Drilled,Conventional,Barley,257379,43,33,24,19.5,07/01/2020
Chatteris Farms 07/08,1,27/05/2020,Pluston,Plant Tape,Conventional,None,215426,50,31,19,8.4,07/02/2021
Chatteris Farms 07/08,2,27/05/2020,Pluston,Plant Tape,Conventional,None,215426,50,31,19,8.4,07/02/2021
Chatteris Farms 07/08,3,28/05/2020,Pluston,Plant Tape,Conventional,None,215426,50,31,19,8.4,07/02/2021
Chatteris Farms 07/08,4,28/05/2020,Pluston,Plant Tape,Conventional,None,215426,50,31,19,8.4,07/02/2021
Chatteris Farms 27A,1,24/04/2019,Triton,Drilled,Conventional,Barley,257503,43,33,24,11.3,26/04/2020
Chatteris Farms 27A,2,24/04/2019,Triton,Drilled,Conventional,Barley,257503,43,33,24,11.3,26/04/2020
Chatteris Farms 27A,3,24/04/2019,Triton,Drilled,Conventional,Barley,257503,43,33,24,11.3,26/04/2020
Chatteris Farms 27A,4,24/04/2019,Triton,Drilled,Conventional,Barley,257503,43,33,24,11.3,26/04/2020
Chatteris Farms 27B,1,22/05/2019,Pluston,Plant Tape,Conventional,None,222222,43,33,24,12.7,20/03/2020
Chatteris Farms 27B,2,22/05/2019,Pluston,Plant Tape,Conventional,None,222222,43,33,24,12.7,20/03/2020
Chatteris Farms 27B,3,22/05/2019,Pluston,Plant Tape,Conventional,None,222222,43,33,24,12.7,20/03/2020
Chatteris Farms 27B,4,22/05/2019,Pluston,Plant Tape,Conventional,None,222222,43,33,24,12.7,20/03/2020
Garretts Decoy 3,1,25/03/2019,Linkton,Drilled,Conventional,Barley,222815,21,64,15,77.9,20/11/2019
Garretts Decoy 3,2,25/03/2019,Linkton,Drilled,Conventional,Barley,222815,21,64,15,77.9,20/11/2019
Garretts Decoy 3,3,25/03/2019,Linkton,Drilled,Conventional,Barley,222815,21,64,15,77.9,20/11/2019
Garretts Decoy 3,4,25/03/2019,Linkton,Drilled,Conventional,Barley,222815,21,64,15,77.9,20/11/2019
Garretts Decoy 4,1,26/04/2020,Comanche,Drilled,Conventional,None,228264,19,68,13,78.7,13/11/2020
Garretts Decoy 4,2,26/04/2020,Comanche,Drilled,Conventional,None,228264,19,68,13,78.7,13/11/2020
Garretts Decoy 4,3,26/04/2020,Comanche,Drilled,Conventional,Barley,228264,19,68,13,78.7,13/11/2020
Garretts Decoy 4,4,26/04/2020,Comanche,Drilled,Conventional,Barley,228264,19,68,13,78.7,13/11/2020
Garretts Decoy 6,1,20/03/2020,Linkton,Drilled,Conventional,Barley,252581,63,15,22,20,16/10/2020
Garretts Decoy 6,2,20/03/2020,Linkton,Drilled,Conventional,Barley,252581,63,15,22,20,16/10/2020
Garretts Decoy 6,3,20/03/2020,Linkton,Drilled,Conventional,Barley,252581,63,15,22,18,16/10/2020
Garretts Decoy 6,4,20/03/2020,Linkton,Drilled,Conventional,Barley,252581,63,15,22,14,16/10/2020
Garretts Decoy 7,1,20/03/2020,Shafton,Drilled,Conventional,Barley,254222,68,15,17,16.8,19/10/2020
Garretts Decoy 7,2,20/03/2020,Shafton,Drilled,Conventional,Barley,254222,68,15,17,16.8,19/10/2020
Garretts Decoy 7,3,20/03/2020,Shafton,Drilled,Conventional,Barley,254222,68,15,17,16.8,19/10/2020
Garretts Decoy 7,4,20/03/2020,Shafton,Drilled,Conventional,Barley,254222,68,15,17,16.8,19/10/2020
Garretts GS1&2,1,07/03/2019,Comanche,Drilled,Conventional,Barley,242563,33,52,15,71.6,17/09/2019
Garretts GS1&2,2,07/03/2019,Comanche,Drilled,Conventional,Barley,242563,33,52,15,71.6,17/09/2019
Garretts GS1&2,3,11/03/2019,Linkton,Drilled,Conventional,Barley,242419,33,52,15,71.6,17/09/2019
Garretts GS1&2,4,11/03/2019,Linkton,Drilled,Conventional,Barley,242419,33,52,15,71.6,17/09/2019
Garretts Listers 09/10,1,27/03/2020,Comanche,Drilled,Conventional,Barley,253471,25,58,17,76.9,15/10/2020
Garretts Listers 09/10,2,27/03/2020,Comanche,Drilled,Conventional,Barley,253471,25,58,17,76.9,15/10/2020
Garretts Listers 09/10,3,27/03/2020,Comanche,Drilled,Conventional,Barley,253471,25,58,17,76.9,15/10/2020
Garretts Listers 09/10,4,27/03/2020,Comanche,Drilled,Conventional,Barley,253471,25,58,17,76.9,15/10/2020
Garretts LS1,1,05/03/2019,Shafton,Drilled,Conventional,Barley,246232,27,60,13,74.6,19/09/2019
Garretts LS1,2,05/03/2019,Shafton,Drilled,Conventional,Barley,246232,27,60,13,74.6,19/09/2019
Garretts LS1,3,05/03/2019,Shafton,Drilled,Conventional,Barley,246232,27,60,13,74.6,19/09/2019
Garretts LS1,4,05/03/2019,Shafton,Drilled,Conventional,Barley,246232,27,60,13,74.6,19/09/2019
Grotec Big Vicarage,1,27/06/2019,Krypton,Bare Roots,Conventional,None,200000,88,6,6,2.4,31/01/2020
Grotec Big Vicarage,2,27/06/2019,Krypton,Bare Roots,Conventional,None,200000,88,6,6,2.4,31/01/2020
Grotec Big Vicarage,3,27/06/2019,Krypton,Bare Roots,Conventional,None,200000,88,6,6,2.4,31/01/2020
Grotec Big Vicarage,4,01/07/2019,Chiefton,Bare Roots,Conventional,None,200000,88,6,6,2.4,31/01/2020
Grotec Big Vicarage,5,01/07/2019,Chiefton,Bare Roots,Conventional,None,200000,88,6,6,2.4,31/01/2020
Grotec Big Vicarage,6,01/07/2019,Krypton,Bare Roots,Conventional,None,200000,88,6,6,2.4,31/01/2020
Grotec Big Vicarage,7,01/07/2019,Krypton,Bare Roots,Conventional,None,200000,88,6,6,2.4,31/01/2020
Grotec Long 15,1,12/06/2020,Krypton,Bare Roots,Conventional,None,200000,87,7,6,3.7,20/12/2020
Grotec Long 15,2,12/06/2020,Krypton,Bare Roots,Conventional,None,200000,86,8,6,2.5,20/12/2020
Grotec Long 15,3,12/06/2020,Krypton,Bare Roots,Conventional,None,200000,86,8,6,2.5,20/12/2020
Grotec Long 15,4,21/06/2020,Krypton,Modules,Conventional,None,169677,87,7,6,3.7,20/12/2020
Grotec Long 15,5,21/06/2020,Krypton,Modules,Conventional,None,169677,86,8,6,2.5,20/12/2020
Grotec Long 15,6,21/06/2020,Krypton,Modules,Conventional,None,169677,86,8,6,2.5,20/12/2020
Grotec Strattons,1,25/06/2020,Chiefton,Bare Roots,Conventional,None,200000,83,9,8,2.5,07/01/2021
Grotec Strattons,2,25/06/2020,Chiefton,Bare Roots,Conventional,None,200000,83,9,8,2.5,07/01/2021
Grotec Strattons,3,28/06/2020,Krypton,Bare Roots,Conventional,None,200000,83,9,8,2.5,07/01/2021
Grotec Strattons,4,28/06/2020,Krypton,Bare Roots,Conventional,None,200000,83,9,8,2.5,07/01/2021
Grotec Woodlands,1,23/03/2019,Belton,Drilled,Conventional,Barley,251597,89,6,5,2.1,19/01/2020
Grotec Woodlands,2,23/03/2019,Belton,Drilled,Conventional,Barley,251597,89,6,5,2.1,19/01/2020
Guyers 20,1,06/04/2020,Krypton,Drilled,Conventional,Barley,253487,19,67,14,74.7,24/11/2020
Guyers 20,2,06/04/2020,Krypton,Drilled,Conventional,Barley,253487,19,67,14,74.7,24/11/2020
Guyers 20,3,06/04/2020,Krypton,Drilled,Conventional,Barley,253487,19,67,14,74.7,24/11/2020
Guyers 20,4,06/04/2020,Krypton,Drilled,Conventional,Barley,253487,19,67,14,74.7,24/11/2020
Guyers 26,1,04/04/2020,Krypton,Drilled,Conventional,Barley,257409,32,32,36,33.4,06/11/2020
Guyers 26,2,04/04/2020,Krypton,Drilled,Conventional,Barley,257409,32,32,36,33.4,06/11/2020
Guyers 26,3,04/04/2020,Krypton,Drilled,Conventional,Barley,257409,32,32,36,33.4,06/11/2020
Guyers 26,4,04/04/2020,Krypton,Drilled,Conventional,Barley,257409,32,32,36,33.4,06/11/2020
Guyers 32,1,29/03/2019,Linkton,Drilled,Conventional,Barley,245115,47,29,24,39.1,26/11/2019
Guyers 32,2,29/03/2019,Linkton,Drilled,Conventional,Barley,245115,47,29,24,39.1,26/11/2019
Guyers 32,3,29/03/2019,Linkton,Drilled,Conventional,Barley,245115,47,29,24,39.1,26/11/2019
Guyers 34,1,28/03/2019,Volta,Drilled,Conventional,Barley,244564,63,17,20,20.6,28/11/2019
Guyers 34,2,28/03/2019,Volta,Drilled,Conventional,Barley,244564,63,17,20,20.6,28/11/2019
Guyers 34,3,29/03/2019,Linkton,Drilled,Conventional,Barley,248674,63,17,20,20.6,28/11/2019
Guyers 34,4,29/03/2019,Linkton,Drilled,Conventional,Barley,248674,63,17,20,20.6,28/11/2019
HB59A,1,11/05/2020,Linkton,Blocks,Conventional,None,200000,36,42,22,32.7,11/09/2020
HB59A,2,11/05/2020,Linkton,Blocks,Conventional,None,200000,36,42,22,32.7,11/09/2020
HB59A,3,11/05/2020,Shafton,Blocks,Conventional,None,200000,36,42,22,32.7,11/09/2020
HB59A,4,11/05/2020,Shafton,Blocks,Conventional,None,200000,36,42,22,32.7,11/09/2020
HB59B,1,19/05/2020,Chiefton,Drilled,Conventional,Barley,260661,32,28,40,29.2,29/04/2021
HB59B,2,19/05/2020,Chiefton,Drilled,Conventional,Barley,260661,32,28,40,29.2,29/04/2021
HB59B,3,19/05/2020,Chiefton,Drilled,Conventional,Barley,260661,32,28,40,29.2,29/04/2021
HB59B,4,19/05/2020,Chiefton,Drilled,Conventional,Barley,260661,32,28,40,29.2,29/04/2021
HH30/31A,1,23/05/2019,Longton,Drilled,Conventional,Barley,235244,43,33,24,11.6,23/04/2020
HH30/31A,2,23/05/2019,Longton,Drilled,Conventional,None,235244,43,33,24,11.6,23/04/2020
HH30/31A,3,23/05/2019,Krypton,Drilled,Conventional,None,235244,43,33,24,11.6,23/04/2020
HH46,1,09/05/2020,Lexton,Drilled,Conventional,Barley,264596,41,35,24,21.3,05/04/2021
HH46,10,09/05/2020,Lexton,Drilled,Conventional,Barley,264596,41,35,24,21.3,05/04/2021
HH46,11,09/05/2020,Chiefton,Drilled,Conventional,Barley,254513,41,35,24,21.3,05/04/2021
HH46,2,09/05/2020,Lexton,Drilled,Conventional,Barley,264596,41,35,24,21.3,05/04/2021
HH46,3,09/05/2020,Lexton,Drilled,Conventional,Barley,264596,41,35,24,21.3,05/04/2021
HH46,4,09/05/2020,Lexton,Drilled,Conventional,Barley,264596,41,35,24,21.3,05/04/2021
HH46,5,09/05/2020,Lexton,Drilled,Conventional,Barley,264596,41,35,24,21.3,05/04/2021
HH46,6,09/05/2020,Lexton,Drilled,Conventional,Barley,264596,41,35,24,21.3,05/04/2021
HH46,7,09/05/2020,Lexton,Drilled,Conventional,Barley,264596,41,35,24,21.3,05/04/2021
HH46,8,09/05/2020,Lexton,Drilled,Conventional,Barley,264596,41,35,24,21.3,05/04/2021
HH46,9,09/05/2020,Lexton,Drilled,Conventional,Barley,264596,41,35,24,21.3,05/04/2021
HH49A,1,13/05/2020,Chiefton,Drilled,Conventional,Barley,267459,19,53,28,42.1,26/03/2021
HH49A,2,13/05/2020,Chiefton,Drilled,Conventional,Barley,267459,19,53,28,42.1,26/03/2021
HH49A,3,13/05/2020,Chiefton,Drilled,Conventional,Barley,267459,19,53,28,42.1,26/03/2021
HH49A,4,13/05/2020,Chiefton,Drilled,Conventional,Barley,267459,19,53,28,42.1,26/03/2021
HH49B,1,08/06/2020,Batter,Drilled,Baby,None,495243,19,53,28,42.1,23/12/2020
HH49B,2,08/06/2020,Batter,Drilled,Baby,None,495243,19,53,28,42.1,23/12/2020
HH49B,3,08/06/2020,Chiefton,Drilled,Baby,None,538138,19,53,28,42.1,23/12/2020
HH49B,4,08/06/2020,Chiefton,Drilled,Baby,None,538138,19,53,28,42.1,23/12/2020
HH57A,1,14/03/2020,Linkton,Drilled,Baby,Poly,433685,47,31,22,12,20/07/2020
HH57A,2,14/03/2020,Linkton,Drilled,Baby,Poly,433685,47,31,22,12,20/07/2020
HH57B,1,21/03/2020,Linkton,Drilled,Baby,Poly,434205,47,31,22,13,23/07/2020
HH57B,2,21/03/2020,Linkton,Drilled,Baby,Poly,434205,47,31,22,13,23/07/2020
HH57C,1,28/03/2020,Runner,Drilled,Baby,Poly,393243,47,31,22,14,31/07/2020
HH57C,2,28/03/2020,Runner,Drilled,Baby,Poly,393243,47,31,22,14,31/07/2020
HH57D,1,05/04/2020,Linkton,Drilled,Baby,Poly,393247,47,31,22,16,09/08/2020
HH57D,2,05/04/2020,Linkton,Drilled,Baby,Poly,393246,47,31,22,16,09/08/2020
HH57D,3,05/04/2020,Runner,Drilled,Baby,Poly,393245,47,31,22,15,09/08/2020
HH57D,4,05/04/2020,Runner,Drilled,Baby,Poly,393244,47,31,22,15,09/08/2020
HH57E,1,13/04/2020,Linkton,Drilled,Baby,None,475000,47,31,22,17,22/08/2020
HH57E,2,13/04/2020,Linkton,Drilled,Baby,None,475000,47,31,22,17,22/08/2020
HH57E,3,13/04/2020,Runner,Drilled,Baby,None,475000,47,31,22,17,22/08/2020
HH57E,4,13/04/2020,Runner,Drilled,Baby,None,475000,47,31,22,17,22/08/2020
HH57F,1,20/04/2020,Runner,Drilled,Baby,Barley,506494,47,31,22,18,06/09/2020
HH57F,2,20/04/2020,Runner,Drilled,Baby,Barley,506494,47,31,22,18,06/09/2020
HH57G,1,27/04/2020,Linkton,Drilled,Baby,Barley,450000,47,31,22,19,15/09/2020
HH57G,2,27/04/2020,Linkton,Drilled,Baby,Barley,450000,47,31,22,19,15/09/2020
HH57G,3,27/04/2020,Runner,Drilled,Baby,Barley,450000,47,31,22,18,15/09/2020
HH57G,4,27/04/2020,Runner,Drilled,Baby,Barley,450000,47,31,22,18,15/09/2020
HH58A,1,05/05/2020,Runner,Drilled,Baby,Barley,447863,45,33,22,18,31/08/2020
HH58A,2,05/05/2020,Runner,Drilled,Baby,Barley,447863,45,33,22,18,31/08/2020
HH58B,1,12/05/2020,Linkton,Drilled,Baby,Barley,456300,45,33,22,16,03/10/2020
HH58B,2,12/05/2020,Linkton,Drilled,Baby,Barley,456300,45,33,22,16,03/10/2020
HH58B,3,12/05/2020,Runner,Drilled,Baby,Barley,446290,45,33,22,15,03/10/2020
HH58B,4,12/05/2020,Runner,Drilled,Baby,Barley,446290,45,33,22,15,03/10/2020
HH58C,1,21/05/2020,Runner,Drilled,Baby,Barley,501563,45,33,22,14,11/11/2020
HH58C,2,21/05/2020,Runner,Drilled,Baby,Barley,501563,45,33,22,14,11/11/2020
HH58C,3,21/05/2020,Belton,Drilled,Baby,Barley,500406,45,33,22,13,11/11/2020
HH58C,4,21/05/2020,Belton,Drilled,Baby,Barley,500406,45,33,22,13,11/11/2020
HH58D,1,29/05/2020,Batter,Drilled,Baby,Barley,513540,45,33,22,12,03/05/2021
HH58D,2,29/05/2020,Batter,Drilled,Baby,Barley,513540,45,33,22,12,03/05/2021
HH58D,3,29/05/2020,Belton,Drilled,Baby,Barley,525154,45,33,22,13,03/05/2021
HH58D,4,29/05/2020,Belton,Drilled,Baby,Barley,525154,45,33,22,13,03/05/2021
HB74,1,01/05/2019,Shafton,Blocks,Conventional,None,200000,34,37,29,39,01/08/2019
HB74,2,10/05/2019,Linkton,Blocks,Conventional,None,200000,34,37,29,39,01/08/2019
HB74,3,15/05/2019,Krypton,Blocks,Conventional,None,200000,34,37,29,39,01/08/2019
Lords Ground 04,1,20/04/2020,Shafton,Blocks,Conventional,None,200000,7,69,24,65.7,06/08/2020
Lords Ground 04,2,20/04/2020,Shafton,Blocks,Conventional,None,200000,7,69,24,65.7,06/08/2020
Lords Ground 04,3,20/04/2020,Linkton,Blocks,Conventional,None,200000,7,69,24,65.7,06/08/2020
Lords Ground 04,4,20/04/2020,Linkton,Blocks,Conventional,None,200000,7,69,24,65.7,06/08/2020
Lords Ground 05,1,13/04/2020,Krypton,Blocks,Conventional,None,200000,45,32,23,18.6,10/08/2020
Lords Ground 05,2,13/04/2020,Krypton,Blocks,Conventional,None,200000,45,32,23,18.6,10/08/2020
Lords Ground 05,3,13/04/2020,Comanche,Blocks,Conventional,None,200000,45,32,23,18.6,10/08/2020
Lords Ground 05,4,13/04/2020,Comanche,Blocks,Conventional,None,200000,45,32,23,18.6,10/08/2020
Lords Ground 05,5,20/04/2020,Comanche,Blocks,Conventional,None,200000,45,32,23,18.6,10/08/2020
Lords Ground 05,6,20/04/2020,Comanche,Blocks,Conventional,None,200000,45,32,23,18.6,10/08/2020
Lords Ground 06,1,06/04/2020,Shafton,Blocks,Conventional,None,200000,42,34,24,24.2,28/07/2020
Lords Ground 06,2,06/04/2020,Shafton,Blocks,Conventional,None,200000,42,34,24,24.2,28/07/2020
Lords Ground 06,3,06/04/2020,Linkton,Blocks,Conventional,None,200000,42,34,24,24.2,28/07/2020
Lords Ground 06,4,06/04/2020,Linkton,Blocks,Conventional,None,200000,42,34,24,24.2,28/07/2020
Lords Ground 06,5,13/04/2020,Linkton,Blocks,Conventional,None,200000,42,34,24,24.2,28/07/2020
Lords Ground 06,6,13/04/2020,Linkton,Blocks,Conventional,None,200000,42,34,24,24.2,28/07/2020
Lords Ground 17,1,30/03/2020,Krypton,Blocks,Conventional,None,200000,37,31,32,27.9,28/07/2020
Lords Ground 17,2,30/03/2020,Krypton,Blocks,Conventional,None,200000,37,31,32,27.9,28/07/2020
Lords Ground 17,3,06/04/2020,Linkton,Blocks,Conventional,None,200000,37,31,32,27.9,28/07/2020
Lords Ground 17,4,06/04/2020,Linkton,Blocks,Conventional,None,200000,37,31,32,27.9,28/07/2020
Lords Ground 17,5,06/04/2020,Shafton,Blocks,Conventional,None,200000,37,31,32,27.9,28/07/2020
Lords Ground 17,6,06/04/2020,Shafton,Blocks,Conventional,None,200000,37,31,32,27.9,28/07/2020
Lords Ground 21,1,02/03/2020,Linkton,Blocks,Conventional,Fleece,180000,6,61,33,63.4,04/07/2020
Lords Ground 21,2,02/03/2020,Linkton,Blocks,Conventional,Fleece,180000,6,61,33,63.4,04/07/2020
Lords Ground 21,3,09/03/2020,Linkton,Blocks,Conventional,Fleece,180000,6,61,33,63.4,04/07/2020
Lords Ground 21,4,09/03/2020,Linkton,Blocks,Conventional,Fleece,180000,6,61,33,63.4,04/07/2020
Lords Ground 21,5,09/03/2020,Shafton,Blocks,Conventional,Fleece,180000,6,61,33,63.4,04/07/2020
Lords Ground 21,6,09/03/2020,Shafton,Blocks,Conventional,Fleece,180000,6,61,33,63.4,04/07/2020
Lords Ground 21,7,16/03/2020,Shafton,Blocks,Conventional,Fleece,180000,6,61,33,63.4,04/07/2020
Lords Ground 21,8,16/03/2020,Shafton,Blocks,Conventional,Fleece,180000,6,61,33,63.4,04/07/2020
Lords Ground 34,1,23/03/2020,Linkton,Blocks,Conventional,Fleece,200000,61,21,18,17.5,12/07/2020
Lords Ground 34,2,23/03/2020,Linkton,Blocks,Conventional,Fleece,200000,61,21,18,17.5,12/07/2020
Lords Ground 34,3,23/03/2020,Shafton,Blocks,Conventional,Fleece,200000,61,21,18,17.5,12/07/2020
Lords Ground 34,4,23/03/2020,Shafton,Blocks,Conventional,Fleece,200000,61,21,18,17.5,12/07/2020
Lords Ground 34,5,30/03/2020,Linkton,Blocks,Conventional,Fleece,200000,61,21,18,17.5,12/07/2020
Lords Ground 34,6,30/03/2020,Linkton,Blocks,Conventional,Fleece,200000,61,21,18,17.5,12/07/2020
Lords Ground 42,1,08/04/2019,Krypton,Blocks,Conventional,None,200000,45,31,24,18,16/08/2019
Lords Ground 42,2,15/04/2019,Linkton,Blocks,Conventional,None,200000,45,31,24,18,16/08/2019
Lords Ground 42,3,15/04/2019,Shafton,Blocks,Conventional,None,200000,45,31,24,18,16/08/2019
Lords Ground 63,1,30/03/2020,Linkton,Blocks,Conventional,Fleece,200000,13,55,32,43.7,17/07/2020
Lords Ground 63,2,30/03/2020,Linkton,Blocks,Conventional,Fleece,200000,13,55,32,43.7,17/07/2020
Lords Ground 63,3,30/03/2020,Linkton,Blocks,Conventional,Fleece,200000,13,55,32,43.7,17/07/2020
Lords Ground 63,4,30/03/2020,Krypton,Blocks,Conventional,Fleece,200000,13,55,32,43.7,17/07/2020
Lords Ground 63,5,30/03/2020,Krypton,Blocks,Conventional,Fleece,200000,13,55,32,43.7,17/07/2020
Lords Ground 63,6,30/03/2020,Krypton,Blocks,Conventional,Fleece,200000,13,55,32,43.7,17/07/2020
Lords Ground 08,1,08/04/2019,Linkton,Blocks,Conventional,None,200000,36,33,31,29.1,04/08/2019
Lords Ground 08,2,08/04/2019,Shafton,Blocks,Conventional,None,200000,36,33,31,29.1,04/08/2019
Lords Ground 08,3,16/04/2019,Krypton,Superseedlings,Conventional,None,200000,36,33,31,29.1,04/08/2019
Lords Ground Ambrose,1,24/04/2020,Shafton,Blocks,Conventional,None,200000,6,59,35,59.3,27/08/2020
Lords Ground Ambrose,2,24/04/2020,Shafton,Blocks,Conventional,None,200000,6,59,35,59.3,27/08/2020
Lords Ground Ambrose,3,27/04/2020,Sumstar,Blocks,Conventional,None,200000,6,59,35,59.3,27/08/2020
Lords Ground Ambrose,4,27/04/2020,Sumstar,Blocks,Conventional,None,200000,6,59,35,59.3,27/08/2020
Lords Ground Ambrose,5,04/05/2020,Fencer,Blocks,Conventional,None,200000,6,59,35,59.3,27/08/2020
Lords Ground Ambrose,6,04/05/2020,Fencer,Blocks,Conventional,None,200000,6,59,35,59.3,27/08/2020
Lords Ground J4,1,04/05/2020,Linkton,Blocks,Conventional,None,200000,28,37,35,27.9,28/09/2020
Lords Ground J4,2,04/05/2020,Linkton,Blocks,Conventional,None,200000,28,37,35,27.9,28/09/2020
Lords Ground J4,3,04/05/2020,Krypton,Blocks,Conventional,None,200000,28,37,35,27.9,28/09/2020
Lords Ground J4,4,04/05/2020,Krypton,Blocks,Conventional,None,200000,28,37,35,27.9,28/09/2020
Markillies 1,1,17/04/2020,Belton,Drilled,Conventional,None,265409,44,45,11,2.2,08/02/2021
Markillies 1,2,17/04/2020,Belton,Drilled,Conventional,None,265409,44,45,11,2.2,08/02/2021
Markillies 1,3,17/04/2020,Belton,Drilled,Conventional,None,265409,44,45,11,2.2,08/02/2021
Markillies 1,4,17/04/2020,Belton,Drilled,Conventional,None,265409,44,45,11,2.2,08/02/2021
Markillies 1,5,17/04/2020,Belton,Drilled,Conventional,None,265409,44,45,11,2.2,08/02/2021
Markillies 1,6,17/04/2020,Belton,Drilled,Conventional,None,265409,44,45,11,2.2,08/02/2021
Markillies 2,1,16/04/2020,Gostar,Drilled,Conventional,Barley,282700,67,26,7,1.9,20/02/2021
Markillies 2,2,16/04/2020,Gostar,Drilled,Conventional,Barley,282700,67,26,7,1.9,20/02/2021
Markillies 2,3,16/04/2020,Gostar,Drilled,Conventional,Barley,282700,67,26,7,1.9,20/02/2021
Markillies 2,4,16/04/2020,Gostar,Drilled,Conventional,Barley,282700,67,26,7,1.9,20/02/2021
Markillies College 1,1,08/04/2019,Lancaster,Drilled,Conventional,None,262140,59,31,10,2.4,02/03/2020
Markillies College 1,2,08/04/2019,Lancaster,Drilled,Conventional,None,262140,59,31,10,2.4,02/03/2020
Markillies College 1,3,08/04/2019,Lancaster,Drilled,Conventional,None,262140,59,31,10,2.4,02/03/2020
Markillies College 1,4,08/04/2019,Lancaster,Drilled,Conventional,None,262140,59,31,10,2.4,02/03/2020
Markillies College 2,1,09/04/2019,Gostar,Drilled,Conventional,None,275047,59,31,10,2.4,19/02/2020
Markillies College 2,2,09/04/2019,Gostar,Drilled,Conventional,None,275047,59,31,10,2.4,19/02/2020
Markillies College 2,3,09/04/2019,Gostar,Drilled,Conventional,None,275047,59,31,10,2.4,19/02/2020
Markillies College 2,4,09/04/2019,Likestar,Drilled,Conventional,None,281372,59,31,10,2.4,19/02/2020
Markillies College 2,5,09/04/2019,Chiefton,Drilled,Conventional,None,253154,59,31,10,2.4,19/02/2020
Newlings 5,1,10/04/2019,Lexton,Drilled,Conventional,None,297248,22,57,21,3.1,02/04/2020
Newlings 5,2,10/04/2019,Lexton,Drilled,Conventional,None,297248,22,57,21,3.1,02/04/2020
Newlings 5,3,10/04/2019,Lexton,Drilled,Conventional,None,297248,22,57,21,3.1,02/04/2020
Newlings 5,4,10/04/2019,Lexton,Drilled,Conventional,None,297248,22,57,21,3.1,02/04/2020
Park Farm 0,1,29/04/2019,Krypton,Plant Tape,Conventional,None,200000,82,10,8,3.5,15/10/2019
Park Farm 0,2,29/04/2019,Krypton,Plant Tape,Conventional,None,200000,82,10,8,3.5,15/10/2019
Park Farm 0,3,29/04/2019,Krypton,Plant Tape,Conventional,None,200000,82,10,8,3.5,15/10/2019
Park Farm 28,1,01/07/2019,Krypton,Bare Roots,Conventional,None,200000,83,9,8,2.6,16/03/2020
Park Farm 28,2,01/07/2019,Krypton,Bare Roots,Conventional,None,200000,83,9,8,2.6,16/03/2020
Park Farm 28,3,07/07/2019,Gostar,Bare Roots,Conventional,None,200000,83,9,8,2.6,16/03/2020
Park Farm 28,4,07/07/2019,Gostar,Bare Roots,Conventional,None,200000,83,9,8,2.6,16/03/2020
Park Farm 28,5,11/07/2019,Pluston,Bare Roots,Conventional,None,200000,83,9,8,2.6,16/03/2020
Park Farm 28,6,11/07/2019,Pluston,Bare Roots,Conventional,None,200000,83,9,8,2.6,16/03/2020
Park Farm 36,1,10/04/2020,Chiefton,Drilled,Conventional,Barley,254577,37,29,34,34.7,16/12/2020
Park Farm 36,2,10/04/2020,Chiefton,Drilled,Conventional,Barley,254577,37,29,34,34.7,16/12/2020
Park Farm 36,3,10/04/2020,Chiefton,Drilled,Conventional,Barley,254577,37,29,34,34.7,16/12/2020
Park Farm 36,4,10/04/2020,Chiefton,Drilled,Conventional,Barley,254577,37,29,34,34.7,16/12/2020
Park Farm 39,1,09/04/2020,Chiefton,Drilled,Conventional,Barley,264849,43,22,35,30.3,03/12/2020
Park Farm 39,2,09/04/2020,Chiefton,Drilled,Conventional,Barley,264849,43,22,35,30.3,03/12/2020
Park Farm 39,3,09/04/2020,Chiefton,Drilled,Conventional,Barley,264849,43,22,35,30.3,03/12/2020
Park Farm 39,4,09/04/2020,Chiefton,Drilled,Conventional,Barley,264849,43,22,35,30.3,03/12/2020
Park Farm 39,5,09/04/2020,Chiefton,Drilled,Conventional,Barley,264849,43,22,35,30.3,03/12/2020
Park Farm 47,1,20/03/2019,Chiefton,Drilled,Conventional,Barley,248471,36,42,22,43.3,28/12/2019
Park Farm 47,2,20/03/2019,Chiefton,Drilled,Conventional,Barley,248471,36,42,22,43.3,28/12/2019
Park Farm 47,3,21/03/2019,Spheros,Drilled,Conventional,Barley,247542,36,42,22,43.3,28/12/2019
Park Farm 47,4,21/03/2019,Spheros,Drilled,Conventional,Barley,247542,36,42,22,43.3,28/12/2019
Park Farm 48,1,21/03/2019,Longton,Drilled,Conventional,Barley,258417,38,41,21,45.6,26/12/2019
Park Farm 48,2,21/03/2019,Longton,Drilled,Conventional,Barley,258417,38,41,21,45.6,26/12/2019
Park Farm 48,3,21/03/2019,Longton,Drilled,Conventional,Barley,258417,38,41,21,45.6,26/12/2019
Park Farm 50,1,22/03/2019,Krypton,Drilled,Conventional,Barley,247319,27,42,31,48.7,05/12/2019
Park Farm 50,2,22/03/2019,Krypton,Drilled,Conventional,Barley,247319,27,42,31,48.7,05/12/2019
Park Farm 53,1,11/04/2020,Krypton,Drilled,Conventional,Barley,258196,17,56,27,56.7,15/10/2020
Park Farm 53,2,11/04/2020,Krypton,Drilled,Conventional,Barley,258196,17,56,27,56.7,15/10/2020
Park Farm 53,3,11/04/2020,Krypton,Drilled,Conventional,Barley,258196,17,56,27,56.7,15/10/2020
Park Farm 53,4,11/04/2020,Krypton,Drilled,Conventional,Barley,258196,17,56,27,56.7,15/10/2020
Park Farm 55,1,14/04/2020,Krypton,Drilled,Conventional,Barley,254211,61,25,14,30.1,02/01/2021
Park Farm 55,2,14/04/2020,Krypton,Drilled,Conventional,Barley,254211,61,25,14,30.1,02/01/2021
Park Farm 55,3,14/04/2020,Krypton,Drilled,Conventional,Barley,254211,61,25,14,30.1,02/01/2021
Park Farm 55,4,14/04/2020,Krypton,Drilled,Conventional,Barley,254211,61,25,14,30.1,02/01/2021
Park Farm 68,1,14/04/2020,Spheros,Drilled,Conventional,Barley,256289,36,42,22,50.3,05/11/2020
Park Farm 68,2,14/04/2020,Spheros,Drilled,Conventional,Barley,256289,36,42,22,50.3,05/11/2020
Park Farm 68,3,14/04/2020,Krypton,Drilled,Conventional,Barley,250203,36,42,22,50.3,05/11/2020
Park Farm 68,4,14/04/2020,Krypton,Drilled,Conventional,Barley,250203,36,42,22,50.3,05/11/2020
RH34/35A,1,06/05/2020,Chiefton,Drilled,Conventional,None,265087,38,49,13,2.9,07/04/2021
RH34/35A,10,08/05/2020,Stromboli,Drilled,Conventional,None,303922,38,49,13,2.9,07/04/2021
RH34/35A,11,08/05/2020,Triton,Drilled,Conventional,None,258621,38,49,13,2.9,07/04/2021
RH34/35A,12,08/05/2020,Triton,Drilled,Conventional,None,278018,38,49,13,2.9,07/04/2021
RH34/35A,2,06/05/2020,Chiefton,Drilled,Conventional,None,265087,38,49,13,2.9,07/04/2021
RH34/35A,3,06/05/2020,Chiefton,Drilled,Conventional,None,265087,38,49,13,2.9,07/04/2021
RH34/35A,4,07/05/2020,Chiefton,Drilled,Conventional,None,265087,38,49,13,2.9,07/04/2021
RH34/35A,5,07/05/2020,Chiefton,Drilled,Conventional,None,265087,38,49,13,2.9,07/04/2021
RH34/35A,6,07/05/2020,Chiefton,Drilled,Conventional,None,265087,38,49,13,2.9,07/04/2021
RH34/35A,7,08/05/2020,Oslo,Drilled,Conventional,None,259857,38,49,13,2.9,07/04/2021
RH34/35A,8,08/05/2020,Likestar,Drilled,Conventional,None,246429,38,49,13,2.9,07/04/2021
RH34/35A,9,08/05/2020,Galvani,Drilled,Conventional,None,278018,38,49,13,2.9,07/04/2021
RH34/35C,1,05/07/2020,Harston,Bare Roots,Conventional,None,230000,38,48,14,3.1,01/03/2021
RH34/35C,2,05/07/2020,Harston,Bare Roots,Conventional,None,230000,38,48,14,3.1,01/03/2021
RH34/35C,3,07/07/2020,Krypton,Bare Roots,Conventional,None,200000,38,48,14,3.1,01/03/2021
RH34/35C,4,07/07/2020,Krypton,Bare Roots,Conventional,None,200000,38,48,14,3.1,01/03/2021
RH34/35C,5,08/07/2020,Oslo,Bare Roots,Conventional,None,210000,38,48,14,3.1,01/03/2021
RH34/35C,6,08/07/2020,Oslo,Bare Roots,Conventional,None,210000,38,48,14,3.1,01/03/2021
RH34/35C,7,09/07/2020,Pluston,Bare Roots,Conventional,None,220000,38,48,14,3.1,01/03/2021
RH34/35C,8,09/07/2020,Pluston,Bare Roots,Conventional,None,220000,38,48,14,3.1,01/03/2021
RH34/35C,9,09/07/2020,Harston,Bare Roots,Conventional,None,220000,38,48,14,3.1,01/03/2021
RH38/40A,1,17/04/2019,Chiefton,Drilled,Conventional,None,270510,49,37,14,3.4,12/04/2020
RH38/40A,2,17/04/2019,Lexton,Drilled,Conventional,None,275766,49,37,14,3.4,12/04/2020
RH38/40A,3,17/04/2019,Lexton,Drilled,Conventional,None,275766,49,37,14,3.4,12/04/2020
RH38/40A,4,18/04/2019,Triton,Drilled,Conventional,None,285407,49,37,14,3.4,12/04/2020
RH38/40A,5,18/04/2019,Triton,Drilled,Conventional,None,285407,49,37,14,3.4,12/04/2020
RH38/40A,6,18/04/2019,Chiefton,Drilled,Conventional,None,270510,49,37,14,3.4,12/04/2020
Rosedene 18,1,12/04/2019,Longton,Drilled,Conventional,Barley,258259,14,68,18,74.5,13/12/2019
Rosedene 18,2,12/04/2019,Longton,Drilled,Conventional,Barley,258259,14,68,18,74.5,13/12/2019
Rosedene 18,3,12/04/2019,Longton,Drilled,Conventional,Barley,258259,14,68,18,74.5,13/12/2019
Rosedene 25,1,27/03/2019,Chiefton,Drilled,Conventional,Barley,249711,12,71,17,73.4,25/10/2019
Rosedene 25,2,27/03/2019,Chiefton,Drilled,Conventional,Barley,249711,12,71,17,73.4,25/10/2019
Rosedene 25,3,27/03/2019,Chiefton,Drilled,Conventional,Barley,249711,12,71,17,73.4,25/10/2019
Rosedene 28,1,11/04/2019,Fencer,Drilled,Conventional,Barley,249571,15,54,31,49.9,09/11/2019
Rosedene 28,2,12/04/2019,Krypton,Drilled,Conventional,Barley,251226,15,54,31,49.9,09/11/2019
Rosedene 28,3,12/04/2019,Krypton,Drilled,Conventional,Barley,251226,15,54,31,49.9,09/11/2019
Rosedene 28,4,12/04/2019,Krypton,Drilled,Conventional,Barley,251226,15,54,31,49.9,09/11/2019
Sams Cut 1,1,25/03/2020,Linkton,Drilled,Conventional,Barley,248459,19,62,19,75.7,20/08/2020
Sams Cut 1,2,25/03/2020,Linkton,Drilled,Conventional,Barley,248459,19,62,19,75.7,20/08/2020
Sams Cut 1,3,25/03/2020,Linkton,Drilled,Conventional,Barley,248459,19,62,19,75.7,20/08/2020
Sams Cut 1,4,25/03/2020,Linkton,Drilled,Conventional,Barley,248459,19,62,19,75.7,20/08/2020
Sams Cut 1,5,25/03/2020,Linkton,Drilled,Conventional,Barley,248459,19,62,19,75.7,20/08/2020
Sams Cut 2,1,03/04/2020,Krypton,Drilled,Conventional,Barley,257726,32,52,16,75.8,05/09/2020
Sams Cut 2,2,03/04/2020,Krypton,Drilled,Conventional,Barley,257726,32,52,16,75.8,05/09/2020
Sams Cut 2,3,03/04/2020,Krypton,Drilled,Conventional,Barley,257726,32,52,16,75.8,05/09/2020
Sams Cut 2,4,03/04/2020,Krypton,Drilled,Conventional,Barley,257726,32,52,16,75.8,05/09/2020
Shipgate 32A,1,16/03/2020,Krypton,Superseedlings,Organic,Fleece,200000,72,15,13,3,29/07/2020
Shipgate 32A,2,16/03/2020,Krypton,Superseedlings,Organic,Fleece,200000,72,15,13,3,29/07/2020
Shipgate 32A,3,16/03/2020,Shafton,Superseedlings,Organic,Fleece,200000,72,15,13,3,29/07/2020
Shipgate 32A,4,16/03/2020,Shafton,Superseedlings,Organic,Fleece,200000,72,15,13,3,29/07/2020
Shipgate 32A,5,30/03/2020,Shafton,Superseedlings,Organic,Fleece,200000,72,15,13,3,29/07/2020
Shipgate 32A,6,30/03/2020,Shafton,Superseedlings,Organic,Fleece,200000,72,15,13,3,29/07/2020
Shipgate 32B,1,27/04/2020,Chiefton,Modules,Organic,None,200000,72,15,13,3,01/10/2020
Shipgate 32B,2,27/04/2020,Chiefton,Modules,Organic,None,200000,72,15,13,3,01/10/2020
Shipgate 32B,3,04/05/2020,Chiefton,Modules,Organic,None,200000,72,15,13,3,01/10/2020
Shipgate 32B,4,04/05/2020,Chiefton,Modules,Organic,None,200000,72,15,13,3,01/10/2020
Shipgate 32B,5,11/05/2020,Belton,Modules,Organic,None,200000,72,15,13,3,01/10/2020
Shipgate 32B,6,11/05/2020,Belton,Modules,Organic,None,200000,72,15,13,3,01/10/2020
Spencers 3 Corner,1,05/06/2020,Belton,Bare Roots,Organic,None,200000,90,6,4,2.3,28/01/2021
Spencers 3 Corner,2,05/06/2020,Belton,Bare Roots,Organic,None,200000,90,6,4,2.3,28/01/2021
Spencers 3 Corner,3,08/06/2020,Triton,Bare Roots,Organic,None,200000,90,6,4,2.3,28/01/2021
Spencers 3 Corner,4,08/06/2020,Triton,Bare Roots,Organic,None,200000,90,6,4,2.3,28/01/2021
Spencers 3 Corner,5,11/06/2020,Belton,Bare Roots,Organic,None,200000,90,6,4,2.3,28/01/2021
Spencers 3 Corner,6,14/06/2020,Belton,Bare Roots,Organic,None,200000,90,6,4,2.3,28/01/2021
Spencers Alms House,1,01/06/2020,Belton,Modules,Organic,None,200000,88,7,5,2.5,26/11/2020
Spencers Alms House,10,18/05/2020,Batter,Modules,Organic,None,200000,88,7,5,2.5,26/11/2020
Spencers Alms House,11,18/05/2020,Batter,Modules,Organic,None,200000,88,7,5,2.5,26/11/2020
Spencers Alms House,12,18/05/2020,Batter,Modules,Organic,None,200000,88,7,5,2.5,26/11/2020
Spencers Alms House,2,01/06/2020,Belton,Modules,Organic,None,200000,88,7,5,2.5,26/11/2020
Spencers Alms House,3,01/06/2020,Belton,Modules,Organic,None,200000,88,7,5,2.5,26/11/2020
Spencers Alms House,4,25/05/2020,Defender,Modules,Organic,None,200000,88,7,5,2.5,26/11/2020
Spencers Alms House,5,25/05/2020,Defender,Modules,Organic,None,200000,88,7,5,2.5,26/11/2020
Spencers Alms House,6,25/05/2020,Defender,Modules,Organic,None,200000,88,7,5,2.5,26/11/2020
Spencers Alms House,7,18/05/2020,Belton,Modules,Organic,None,200000,88,7,5,2.5,26/11/2020
Spencers Alms House,8,18/05/2020,Belton,Modules,Organic,None,200000,88,7,5,2.5,26/11/2020
Spencers Alms House,9,18/05/2020,Belton,Modules,Organic,None,200000,88,7,5,2.5,26/11/2020
Symmingtons HF1,1,21/04/2020,Chiefton,Drilled,Conventional,None,282436,38,45,17,2.8,22/01/2021
Symmingtons HF1,10,23/04/2020,Lancaster,Drilled,Conventional,None,267655,42,42,16,2.6,22/01/2021
Symmingtons HF1,11,23/04/2020,Lancaster,Drilled,Conventional,None,267655,42,42,16,2.6,22/01/2021
Symmingtons HF1,12,23/04/2020,Lancaster,Drilled,Conventional,None,267655,42,42,16,2.6,22/01/2021
Symmingtons HF1,13,24/04/2020,Nun 70406,Drilled,Conventional,None,276512,42,42,16,2.6,22/01/2021
Symmingtons HF1,14,24/04/2020,Nun 70406,Drilled,Conventional,None,276512,42,42,16,2.6,22/01/2021
Symmingtons HF1,15,24/04/2020,Chiefton,Drilled,Conventional,None,271127,42,42,16,2.6,22/01/2021
Symmingtons HF1,16,24/04/2020,Chiefton,Drilled,Conventional,None,271127,42,42,16,2.6,22/01/2021
Symmingtons HF1,2,21/04/2020,Chiefton,Drilled,Conventional,None,282436,38,45,17,2.8,22/01/2021
Symmingtons HF1,3,21/04/2020,Chiefton,Drilled,Conventional,None,282436,38,45,17,2.8,22/01/2021
Symmingtons HF1,4,21/04/2020,Chiefton,Drilled,Conventional,None,282436,38,45,17,2.8,22/01/2021
Symmingtons HF1,5,22/04/2020,Lexton,Drilled,Conventional,None,272663,38,45,17,2.8,22/01/2021
Symmingtons HF1,6,22/04/2020,Lexton,Drilled,Conventional,None,272663,38,45,17,2.8,22/01/2021
Symmingtons HF1,7,22/04/2020,Lexton,Drilled,Conventional,None,272663,38,45,17,2.8,22/01/2021
Symmingtons HF1,8,22/04/2020,Lexton,Drilled,Conventional,None,272663,38,45,17,2.8,22/01/2021
Symmingtons HF1,9,23/04/2020,Lancaster,Drilled,Conventional,None,267655,42,42,16,2.6,22/01/2021
Symmingtons HF4N,1,05/04/2019,Chiefton,Drilled,Conventional,None,264948,50,36,14,2.8,11/03/2020
Symmingtons HF4N,2,05/04/2019,Chiefton,Drilled,Conventional,None,264948,50,36,14,2.8,11/03/2020
Symmingtons HF4N,3,05/04/2019,Chiefton,Drilled,Conventional,None,264948,50,36,14,2.8,11/03/2020
Symmingtons HF4N,4,05/04/2019,Chiefton,Drilled,Conventional,None,264948,50,36,14,2.8,11/03/2020
Symmingtons Sycamore,1,04/04/2019,Belton,Drilled,Conventional,None,250979,56,31,13,2.6,20/02/2020
Symmingtons Sycamore,2,04/04/2019,Belton,Drilled,Conventional,None,250979,56,31,13,2.6,20/02/2020
Symmingtons Sycamore,3,04/04/2019,Belton,Drilled,Conventional,None,250979,56,31,13,2.6,20/02/2020
Symmingtons Sycamore,4,04/04/2019,Belton,Drilled,Conventional,None,250979,56,31,13,2.6,20/02/2020
Wissey 24,1,25/04/2020,Chiefton,Drilled,Conventional,Barley,253655,38,52,10,69.8,14/11/2020
Wissey 24,2,25/04/2020,Chiefton,Drilled,Conventional,Barley,253655,38,52,10,69.8,14/11/2020
Wissey 24,3,25/04/2020,Chiefton,Drilled,Conventional,Barley,253655,38,52,10,69.8,14/11/2020
Wissey 24,4,25/04/2020,Chiefton,Drilled,Conventional,Barley,253655,38,52,10,69.8,14/11/2020
Wissey 27,1,25/04/2020,Chiefton,Drilled,Conventional,Barley,255403,33,54,13,59.1,07/12/2020
Wissey 27,2,25/04/2020,Chiefton,Drilled,Conventional,Barley,255403,33,54,13,59.1,07/12/2020
Wissey 27,3,25/04/2020,Chiefton,Drilled,Conventional,Barley,255403,33,54,13,59.1,07/12/2020
Wissey 27,4,25/04/2020,Chiefton,Drilled,Conventional,Barley,255403,33,54,13,59.1,07/12/2020
Wissey 33,1,08/03/2019,Krypton,Drilled,Conventional,Barley,259954,18,69,13,72.8,21/10/2019
Wissey 33,2,08/03/2019,Krypton,Drilled,Conventional,Barley,259954,18,69,13,72.8,21/10/2019
Wissey 36,1,27/03/2019,Krypton,Drilled,Conventional,Barley,250045,7,54,39,57,12/11/2019
Wissey 36,2,27/03/2019,Krypton,Drilled,Conventional,Barley,250045,7,54,39,57,12/11/2019
Wissey F (S),1,14/04/2019,Longton,Drilled,Conventional,Barley,244233,12,67,21,71.9,17/12/2019
Wissey F (S),2,14/04/2019,Longton,Drilled,Conventional,Barley,244233,12,67,21,71.9,17/12/2019
Wissey H (N),1,03/04/2020,Chiefton,Drilled,Conventional,Barley,254110,22,65,13,74,30/09/2020
Wissey H (N),2,03/04/2020,Chiefton,Drilled,Conventional,Barley,254110,22,65,13,74,30/09/2020
Wissey H (N),3,03/04/2020,Chiefton,Drilled,Conventional,Barley,254110,22,65,13,74,30/09/2020
Wissey H (N),4,03/04/2020,Chiefton,Drilled,Conventional,Barley,254110,22,65,13,74,30/09/2020
Wissey I (N),1,26/03/2020,Shafton,Drilled,Conventional,Barley,251579,26,62,12,72.6,18/09/2020
Wissey I (N),2,26/03/2020,Shafton,Drilled,Conventional,Barley,253994,26,62,12,72.6,18/09/2020
Wissey I (N),3,26/03/2020,Comanche,Drilled,Conventional,Barley,251579,26,62,12,72.6,18/09/2020
Wissey I (N),4,26/03/2020,Comanche,Drilled,Conventional,Barley,253994,26,62,12,72.6,18/09/2020
Wissey I (S),1,26/03/2020,Shafton,Drilled,Conventional,Barley,251161,9,65,26,69.5,19/09/2020
Wissey I (S),2,26/03/2020,Shafton,Drilled,Conventional,Barley,251161,9,65,26,69.5,19/09/2020
Wissey I (S),3,26/03/2020,Shafton,Drilled,Conventional,Barley,251161,9,65,26,69.5,19/09/2020
Wissey I (S),4,26/03/2020,Shafton,Drilled,Conventional,Barley,251161,9,65,26,69.5,19/09/2020
Wissey O (S),1,26/03/2019,Shafton,Drilled,Conventional,Barley,244843,11,64,25,71.2,02/09/2019
Wissey O (S),2,26/03/2019,Shafton,Drilled,Conventional,Barley,244843,11,64,25,71.2,02/09/2019
Wissey O (S),3,26/03/2019,Shafton,Drilled,Conventional,Barley,244843,11,64,25,71.2,02/09/2019
Lords Ground 20,1,08/03/2021,Linkton,Blocks,Conventional,Fleece,178000,32,51,17,25.8,14/07/2021
Lords Ground 20,2,08/03/2021,Linkton,Blocks,Conventional,Fleece,178000,32,51,17,25.8,14/07/2021
Lords Ground 20,3,11/03/2021,Linkton,Blocks,Conventional,Fleece,178000,32,51,17,25.8,14/07/2021
Lords Ground 20,4,11/03/2021,Linkton,Blocks,Conventional,Fleece,178000,32,51,17,25.8,14/07/2021
Lords Ground 20,5,14/03/2021,Linkton,Blocks,Conventional,Fleece,178000,32,51,17,25.8,14/07/2021
Lords Ground 20,6,14/03/2021,Linkton,Blocks,Conventional,Fleece,178000,32,51,17,25.8,14/07/2021
Lords Ground 20,7,18/03/2021,Linkton,Blocks,Conventional,Fleece,178000,32,51,17,25.8,14/07/2021
Lords Ground 20,8,18/03/2021,Linkton,Blocks,Conventional,Fleece,178000,32,51,17,25.8,14/07/2021
Lords Ground 31,1,24/03/2021,Linkton,Blocks,Conventional,Fleece,178000,31,51,18,24.1,25/07/2021
Lords Ground 31,2,24/03/2021,Linkton,Blocks,Conventional,Fleece,178000,31,51,18,24.1,25/07/2021
Lords Ground 31,3,26/03/2021,Shafton,Blocks,Conventional,Fleece,178000,31,51,18,24.1,31/07/2021
Lords Ground 31,4,26/03/2021,Shafton,Blocks,Conventional,Fleece,178000,31,51,18,24.1,31/07/2021
Lords Ground 31,5,26/03/2021,Shafton,Blocks,Conventional,Fleece,178000,31,51,18,24.1,31/07/2021
Lords Ground 39BG,1,29/03/2021,Avastar,Blocks,Conventional,Fleece,197680,13,61,26,33.9,10/08/2021
Lords Ground 39BG,2,29/03/2021,Avastar,Blocks,Conventional,Fleece,197680,13,61,26,33.9,10/08/2021
Lords Ground 39BG,3,29/03/2021,Avastar,Blocks,Conventional,Fleece,197680,13,61,26,33.9,10/08/2021
Lords Ground 39BG,4,03/04/2021,Shafton,Blocks,Conventional,Fleece,197680,13,61,26,33.9,31/07/2021
Lords Ground 39BG,5,03/04/2021,Shafton,Blocks,Conventional,None,197680,13,61,26,33.9,31/07/2021
Lords Ground 39BG,6,03/04/2021,Shafton,Blocks,Conventional,None,197680,13,61,26,33.9,31/07/2021
Lords Ground 39BG,7,03/04/2021,Shafton,Blocks,Conventional,Fleece,197680,13,61,26,33.9,31/07/2021
Lords Ground 57,1,08/04/2021,Krypton,Blocks,Conventional,None,197680,12,58,30,33.6,12/08/2021
Lords Ground 57,2,08/04/2021,Krypton,Blocks,Conventional,None,197680,12,58,30,33.6,12/08/2021
Lords Ground 57,3,06/04/2021,Krypton,Blocks,Conventional,None,197680,12,58,30,33.6,12/08/2021
Lords Ground 57,4,06/04/2021,Krypton,Blocks,Conventional,None,197680,12,58,30,33.6,12/08/2021
Lords Ground 69/Tims,1,11/04/2021,Krypton,Blocks,Conventional,None,197680,5,68,27,47.8,10/08/2021
Lords Ground 69/Tims,2,11/04/2021,Krypton,Blocks,Conventional,None,197680,5,68,27,47.8,10/08/2021
Lords Ground 69/Tims,3,14/04/2021,Shafton,Blocks,Conventional,None,197680,5,68,27,47.8,14/08/2021
Lords Ground 69/Tims,4,14/04/2021,Shafton,Blocks,Conventional,None,197680,5,68,27,47.8,14/08/2021
Lords Ground Brands,1,19/04/2021,Krypton,Blocks,Conventional,None,197680,1,65,34,47.8,22/08/2021
Lords Ground Brands,2,19/04/2021,Krypton,Blocks,Conventional,None,197680,1,65,34,47.8,22/08/2021
Lords Ground Brands,3,17/04/2021,Linkton,Blocks,Conventional,None,197680,1,65,34,47.8,15/08/2021
Lords Ground Brands,4,17/04/2021,Linkton,Blocks,Conventional,None,197680,1,65,34,47.8,15/08/2021
Lords Ground Coles,1,27/04/2021,Shafton,Blocks,Conventional,None,197680,1,73,26,59.6,24/08/2021
Lords Ground Coles,2,27/04/2021,Shafton,Blocks,Conventional,None,197680,1,73,26,59.6,24/08/2021
Lords Ground Coles,3,30/04/2021,Krypton,Blocks,Conventional,None,197680,1,73,26,59.6,01/09/2021
Lords Ground Coles,4,30/04/2021,Krypton,Blocks,Conventional,None,197680,1,73,26,59.6,01/09/2021
Lords Ground Home,1,21/04/2021,Linkton,Blocks,Conventional,None,197680,0,76,24,59.3,28/08/2021
Lords Ground Home,2,21/04/2021,Linkton,Blocks,Conventional,None,197680,0,76,24,59.3,28/08/2021
Lords Ground Home,3,25/04/2021,Krypton,Blocks,Conventional,None,197680,0,76,24,59.3,28/08/2021
Lords Ground Home,4,25/04/2021,Krypton,Blocks,Conventional,None,197680,0,76,24,59.3,28/08/2021
Lords Ground PW4,1,10/05/2021,Krypton,Blocks,Conventional,None,197680,11,66,23,35.4,08/09/2021
Lords Ground PW4,2,10/05/2021,Krypton,Blocks,Conventional,None,197680,11,66,23,35.4,08/09/2021
Lords Ground PW4,3,10/05/2021,Krypton,Blocks,Conventional,None,197680,11,66,23,35.4,08/09/2021
Lords Ground PW4,4,02/05/2021,Shafton,Blocks,Conventional,None,197680,11,66,23,35.4,01/09/2021
Lords Ground PW4,5,02/05/2021,Shafton,Blocks,Conventional,None,197680,11,66,23,35.4,01/09/2021
Lords Ground PW4,6,02/05/2021,Shafton,Blocks,Conventional,None,197680,11,66,23,35.4,01/09/2021
Lords Ground PW5,1,12/05/2021,Shafton,Blocks,Conventional,None,197680,14,65,21,31.9,06/09/2021
Lords Ground PW5,2,12/05/2021,Shafton,Blocks,Conventional,None,197680,14,65,21,31.9,06/09/2021
Lords Ground PW5,3,12/05/2021,Shafton,Blocks,Conventional,None,197680,14,65,21,31.9,06/09/2021
Lords Ground PW5,4,16/05/2021,Linkton,Blocks,Conventional,None,197680,14,65,21,31.9,12/09/2021
Lords Ground PW5,5,16/05/2021,Linkton,Blocks,Conventional,None,197680,14,65,21,31.9,12/09/2021
Lords Ground PW5,6,16/05/2021,Linkton,Blocks,Conventional,None,197680,14,65,21,31.9,12/09/2021
HH47,1,28/05/2021,Triton,Drilled,Conventional,Barley,271760,8,57,35,29.7,
HH47,2,28/05/2021,Triton,Drilled,Conventional,Barley,271760,8,57,35,29.7,
HH47,3,28/05/2021,Triton,Drilled,Conventional,Barley,271760,8,57,35,29.7,
HH47,4,28/05/2021,Nun 70406,Drilled,Conventional,Barley,234804,8,57,35,29.7,
HH47,5,28/05/2021,Nun 70406,Drilled,Conventional,Barley,234804,8,57,35,29.7,
HH47,6,28/05/2021,Nun 70406,Drilled,Conventional,Barley,234804,8,57,35,29.7,
HH33A,1,29/05/2021,Lexton,Drilled,Conventional,Barley,243870,44,32,24,16.7,
HH33A,2,29/05/2021,Lexton,Drilled,Conventional,Barley,243870,44,32,24,16.7,
HH33A,3,29/05/2021,Lexton,Drilled,Conventional,Barley,243870,44,32,24,16.7,
HH33A,4,29/05/2021,Lexton,Drilled,Conventional,Barley,243870,44,32,24,16.7,
HH33A,5,29/05/2021,Lexton,Drilled,Conventional,Barley,243870,44,32,24,16.7,
HH33A,6,29/05/2021,Lexton,Drilled,Conventional,Barley,243870,44,32,24,16.7,
HH33B,1,03/07/2021,Laston,Blocks,Conventional,None,200000,44,32,24,16.7,
HH33B,2,03/07/2021,Laston,Blocks,Conventional,None,200000,44,32,24,16.7,
HH33B,3,03/07/2021,Laston,Blocks,Conventional,None,200000,44,32,24,16.7,
HH33B,4,10/07/2021,Batter,Blocks,Conventional,None,200000,44,32,24,16.7,
HH33B,5,10/07/2021,Batter,Blocks,Conventional,None,200000,44,32,24,16.7,
HH33B,6,10/07/2021,Batter,Blocks,Conventional,None,200000,44,32,24,16.7,
HH54A,1,14/05/2021,Runner,Drilled,Baby,Barley,463663,8,57,35,29.7,
HH54A,2,14/05/2021,Runner,Drilled,Baby,Barley,463663,8,57,35,29.7,
HH54A,3,14/05/2021,Runner,Drilled,Baby,Barley,463663,8,57,35,29.7,
HH54B,1,27/05/2021,Runner,Drilled,Baby,Barley,465858,8,57,35,29.7,
HH54B,2,27/05/2021,Runner,Drilled,Baby,Barley,465858,8,57,35,29.7,
HH54B,3,27/05/2021,Runner,Drilled,Baby,Barley,465858,8,57,35,29.7,
HH54C,1,03/06/2021,Batter,Drilled,Baby,Barley,502258,8,57,35,29.7,
HH54C,2,03/06/2021,Batter,Drilled,Baby,Barley,502258,8,57,35,29.7,
HH54C,3,03/06/2021,Runner,Drilled,Baby,Barley,495733,8,57,35,29.7,
HH54C,4,03/06/2021,Runner,Drilled,Baby,Barley,495733,8,57,35,29.7,
HH54D,1,11/06/2021,Runner,Drilled,Baby,Barley,438305,8,57,35,29.7,
HH54D,2,11/06/2021,Runner,Drilled,Baby,Barley,438305,8,57,35,29.7,
HH54D,3,11/06/2021,Batter,Drilled,Baby,Barley,517451,8,57,35,29.7,
HH54D,4,11/06/2021,Batter,Drilled,Baby,Barley,517451,8,57,35,29.7,
HH43A,1,09/03/2021,Linkton,Drilled,Baby,Poly,424780,38,41,21,18.5,24/07/2021
HH43A,2,09/03/2021,Linkton,Drilled,Baby,Poly,424780,38,41,21,18.5,24/07/2021
HH43B,1,25/03/2021,Linkton,Drilled,Baby,Poly,459985,38,41,21,18.5,06/08/2021
HH43B,2,25/03/2021,Linkton,Drilled,Baby,Poly,459985,38,41,21,18.5,06/08/2021
HH43B,3,25/03/2021,Runner,Drilled,Baby,Poly,484160,38,41,21,18.5,15/08/2021
HH43B,4,25/03/2021,Runner,Drilled,Baby,Poly,484160,38,41,21,18.5,15/08/2021
HH43C,1,01/04/2021,Linkton,Drilled,Baby,Poly,459985,38,41,21,18.5,22/08/2021
HH43C,2,01/04/2021,Linkton,Drilled,Baby,Poly,459985,38,41,21,18.5,22/08/2021
HH43C,3,01/04/2021,Runner,Drilled,Baby,Poly,484160,38,41,21,18.5,
HH43C,4,01/04/2021,Runner,Drilled,Baby,Poly,484160,38,41,21,18.5,
HH43D,1,09/04/2021,Runner,Drilled,Baby,None,442690,38,41,21,18.5,01/09/2021
HH43D,2,09/04/2021,Runner,Drilled,Baby,None,442690,38,41,21,18.5,01/09/2021
HH43D,3,09/04/2021,Runner,Drilled,Baby,None,442690,38,41,21,18.5,01/09/2021
HH43E,1,18/04/2021,Runner,Drilled,Baby,None,462308,38,41,21,18.5,14/09/2021
HH43E,2,18/04/2021,Runner,Drilled,Baby,None,462308,38,41,21,18.5,14/09/2021
HH43E,3,18/04/2021,Runner,Drilled,Baby,None,462308,38,41,21,18.5,14/09/2021
HH43F,1,28/04/2021,Runner,Drilled,Baby,None,465358,38,41,21,18.5,28/09/2021
HH43F,2,28/04/2021,Runner,Drilled,Baby,None,465358,38,41,21,18.5,28/09/2021
HH43F,3,28/04/2021,Runner,Drilled,Baby,None,465358,38,41,21,18.5,28/09/2021
HH43G,1,07/05/2021,Runner,Drilled,Baby,None,460122,38,41,21,18.5,
HH43G,2,07/05/2021,Runner,Drilled,Baby,None,460122,38,41,21,18.5,
HH43G,3,07/05/2021,Runner,Drilled,Baby,None,460122,38,41,21,18.5,
HB79A,1,19/05/2021,Linkton,Blocks,Conventional,Barley,197680,11,67,22,36.2,
HB79A,2,19/05/2021,Linkton,Blocks,Conventional,Barley,197680,11,67,22,36.2,
HB79B,1,24/05/2021,Chiefton,Drilled,Conventional,Barley,266268,11,67,22,36.2,
HB79B,2,24/05/2021,Chiefton,Drilled,Conventional,Barley,266268,11,67,22,36.2,
HB79B,3,24/05/2021,Chiefton,Drilled,Conventional,Barley,266268,11,67,22,36.2,
HB79B,4,24/05/2021,Chiefton,Drilled,Conventional,Barley,266268,11,67,22,36.2,
HB73A,1,17/05/2021,Chiefton,Drilled,Conventional,Barley,255424,8,45,47,21.6,
HB73A,2,17/05/2021,Chiefton,Drilled,Conventional,Barley,255424,8,45,47,21.6,
HB73A,3,17/05/2021,Chiefton,Drilled,Conventional,Barley,255424,8,45,47,21.6,
HB73A,4,17/05/2021,Chiefton,Drilled,Conventional,Barley,255424,8,45,47,21.6,
Garretts Listers 11,1,12/03/2021,Comanche,Drilled,Conventional,Barley,243039,9,66,25,41.7,24/09/2021
Garretts Listers 11,2,12/03/2021,Comanche,Drilled,Conventional,Barley,243039,9,66,25,41.7,24/09/2021
Garretts Listers 11,3,12/03/2021,Comanche,Drilled,Conventional,Barley,243039,9,66,25,41.7,24/09/2021
Garretts Listers 12,1,12/03/2021,Comanche,Drilled,Conventional,Barley,243039,18,59,23,70.3,03/10/2021
Garretts Listers 12,2,12/03/2021,Comanche,Drilled,Conventional,Barley,243039,18,59,23,70.3,03/10/2021
Garretts Listers 12,3,12/03/2021,Comanche,Drilled,Conventional,Barley,243039,18,59,23,70.3,03/10/2021
Garretts Listers 13,1,13/03/2021,Comanche,Drilled,Conventional,Barley,243039,37,48,15,78,14/09/2021
Garretts Listers 13,2,13/03/2021,Comanche,Drilled,Conventional,Barley,243039,37,48,15,78,14/09/2021
Garretts Listers 13,3,13/03/2021,Krypton,Drilled,Conventional,Barley,241653,37,48,15,78,07/09/2021
Garretts Listers 13,4,13/03/2021,Krypton,Drilled,Conventional,Barley,241653,37,48,15,78,07/09/2021
Rosedene 10,1,31/03/2021,Shafton,Drilled,Conventional,Barley,227146,3,76,21,77.3,26/09/2021
Rosedene 10,2,31/03/2021,Shafton,Drilled,Conventional,Barley,227146,3,76,21,77.3,26/09/2021
Rosedene 10,3,31/03/2021,Shafton,Drilled,Conventional,Barley,227146,3,76,21,77.3,26/09/2021
Rosedene 10,4,01/04/2021,Krypton,Drilled,Conventional,Barley,235093,3,76,21,77.3,16/09/2021
Rosedene 10,5,01/04/2021,Krypton,Drilled,Conventional,Barley,235093,3,76,21,77.3,16/09/2021
Rosedene 49,1,16/04/2021,Linkton,Drilled,Conventional,Barley,222222,7,76,17,77.6,
Rosedene 49,2,16/04/2021,Linkton,Drilled,Conventional,Barley,222222,7,76,17,77.6,
Rosedene 49,3,16/04/2021,Linkton,Drilled,Conventional,Barley,222222,7,76,17,77.6,
Rosedene 49,4,17/04/2021,Chiefton,Drilled,Conventional,Barley,239195,7,76,17,77.6,
Rosedene 49,5,17/04/2021,Chiefton,Drilled,Conventional,Barley,239195,7,76,17,77.6,
Wissey Gills 1,1,18/03/2021,Krypton,Drilled,Conventional,Barley,254177,9,74,17,64.5,
Wissey Gills 1,2,18/03/2021,Krypton,Drilled,Conventional,Barley,254177,9,74,17,64.5,
Wissey Gills 1,3,18/03/2021,Krypton,Drilled,Conventional,Barley,254177,9,74,17,64.5,
Wissey Gills 1,4,19/03/2021,Shafton,Drilled,Conventional,Barley,248078,9,74,17,64.5,
Wissey Gills 1,5,19/03/2021,Shafton,Drilled,Conventional,Barley,248078,9,74,17,64.5,
Wissey Gills 1,6,19/03/2021,Shafton,Drilled,Conventional,Barley,248078,9,74,17,64.5,
Guyers 17,1,19/04/2021,Chiefton,Drilled,Conventional,Barley,261324,3,82,15,66.2,
Guyers 17,2,19/04/2021,Shafton,Drilled,Conventional,Barley,244019,3,82,15,66.2,
Guyers 17,3,19/04/2021,Shafton,Drilled,Conventional,Barley,244019,3,82,15,66.2,
Guyers 17,4,17/04/2021,Krypton,Drilled,Conventional,Barley,232499,3,82,15,66.2,
Guyers 17,5,17/04/2021,Krypton,Drilled,Conventional,Barley,232499,3,82,15,66.2,
Guyers 17,6,17/04/2021,Krypton,Drilled,Conventional,Barley,232499,3,82,15,66.2,
Guyers 30,1,01/04/2021,Krypton,Drilled,Conventional,Barley,259904,8,72,20,53.9,
Guyers 30,2,01/04/2021,Krypton,Drilled,Conventional,Barley,259904,8,72,20,53.9,
Guyers 30,3,01/04/2021,Krypton,Drilled,Conventional,Barley,259904,8,72,20,53.9,
Guyers 30,4,01/04/2021,Krypton,Drilled,Conventional,Barley,259904,8,72,20,53.9,
John Allan 1,1,16/04/2021,Chiefton,Drilled,Conventional,Barley,232025,6,76,18,63.9,
John Allan 1,2,16/04/2021,Chiefton,Drilled,Conventional,Barley,232025,6,76,18,63.9,
John Allan 1,3,16/04/2021,Chiefton,Drilled,Conventional,Barley,232025,6,76,18,63.9,
John Allan 1,4,16/04/2021,Chiefton,Drilled,Conventional,Barley,232025,6,76,18,63.9,
Martin F10A,1,22/03/2021,Krypton,Superseedlings,Organic,Fleece,197680,39,36,25,8.2,21/07/2021
Martin F10A,2,22/03/2021,Krypton,Superseedlings,Organic,Fleece,197680,39,36,25,8.2,21/07/2021
Martin F10A,3,02/04/2021,Shafton,Superseedlings,Organic,Fleece,197680,39,36,25,8.2,25/07/2021
Martin F10A,4,02/04/2021,Shafton,Superseedlings,Organic,Fleece,197680,39,36,25,8.2,25/07/2021
Martin F10B,1,03/05/2021,Krypton,Modules,Organic,None,197680,39,36,25,8.2,29/08/2021
Martin F10B,2,03/05/2021,Krypton,Modules,Organic,None,197680,39,36,25,8.2,29/08/2021
Martin F10B,3,03/05/2021,Krypton,Modules,Organic,None,197680,39,36,25,8.2,29/08/2021
Martin F10B,4,06/05/2021,Chiefton,Modules,Organic,None,197680,39,36,25,8.2,16/09/2021
Martin F10B,5,06/05/2021,Chiefton,Modules,Organic,None,197680,39,36,25,8.2,16/09/2021
Martin F10B,6,06/05/2021,Chiefton,Modules,Organic,None,197680,39,36,25,8.2,16/09/2021
Lime Kiln Breck,1,14/05/2021,Chiefton,Modules,Organic,None,197680,35,50,15,2.5,
Lime Kiln Breck,2,14/05/2021,Chiefton,Modules,Organic,None,197680,35,50,15,2.5,
Lime Kiln Breck,3,18/05/2021,Chiefton,Modules,Organic,None,197680,35,50,15,2.5,
Lime Kiln Breck,4,18/05/2021,Chiefton,Modules,Organic,None,197680,35,50,15,2.5,
Buckenham Stadium Field,1,28/04/2021,Chiefton,Drilled,Conventional,Barley,239646,69,19,12,14.8,
Buckenham Stadium Field,2,28/04/2021,Chiefton,Drilled,Conventional,Barley,239646,69,19,12,14.8,
Buckenham Stadium Field,3,28/04/2021,Chiefton,Drilled,Conventional,Barley,239646,69,19,12,14.8,
Buckenham Stadium Field,4,28/04/2021,Chiefton,Drilled,Conventional,Barley,239646,69,19,12,14.8,
Buckenham Long Narrow,1,29/04/2021,Chiefton,Drilled,Conventional,Barley,259167,73,15,12,13.7,
Buckenham Long Narrow,2,29/04/2021,Chiefton,Drilled,Conventional,Barley,259167,73,15,12,13.7,
Buckenham Long Narrow,3,29/04/2021,Chiefton,Drilled,Conventional,Barley,259167,73,15,12,13.7,
Buckenham Long Narrow,4,29/04/2021,Chiefton,Drilled,Conventional,Barley,259167,73,15,12,13.7,
Buckenham Heap,1,29/04/2021,Chiefton,Drilled,Conventional,Barley,253429,76,8,16,10.2,
Buckenham Heap,2,29/04/2021,Chiefton,Drilled,Conventional,Barley,253429,76,8,16,10.2,
Buckenham Heap,3,29/04/2021,Chiefton,Drilled,Conventional,Barley,253429,76,8,16,10.2,
Buckenham Heap,4,29/04/2021,Chiefton,Drilled,Conventional,Barley,253429,76,8,16,10.2,
Park Farm 45,1,02/04/2021,Krypton,Drilled,Conventional,Barley,261860,77,18,5,37,
Park Farm 45,2,02/04/2021,Krypton,Drilled,Conventional,Barley,261860,77,18,5,37,
Park Farm 45,3,02/04/2021,Krypton,Drilled,Conventional,Barley,261860,77,18,5,37,
Park Farm 45,4,02/04/2021,Krypton,Drilled,Conventional,Barley,261860,77,18,5,37,
Park Farm 52,1,01/04/2021,Krypton,Drilled,Conventional,Barley,260538,28,58,14,35,
Park Farm 52,2,01/04/2021,Krypton,Drilled,Conventional,Barley,260538,28,58,14,35,
Park Farm 52,3,01/04/2021,Krypton,Drilled,Conventional,Barley,260538,28,58,14,35,
Park Farm 52,4,01/04/2021,Krypton,Drilled,Conventional,Barley,260538,28,58,14,35,
Park Farm 31,1,25/05/2021,Krypton,Plant Tape,Conventional,None,206060,57,35,8,3.5,
Park Farm 31,2,25/05/2021,Krypton,Plant Tape,Conventional,None,206060,57,35,8,3.5,
Park Farm 31,3,25/05/2021,Krypton,Plant Tape,Conventional,None,206060,57,35,8,3.5,
Park Farm 31,4,27/05/2021,Krypton,Plant Tape,Conventional,None,206060,57,35,8,3.5,
Park Farm 31,5,27/05/2021,Krypton,Plant Tape,Conventional,None,206060,57,35,8,3.5,
Park Farm 31,6,27/05/2021,Krypton,Plant Tape,Conventional,None,206060,57,35,8,3.5,
Park Farm 27,1,23/03/2021,Krypton,Drilled,Conventional,Barley,256038,60,32,8,2,
Park Farm 27,2,23/03/2021,Krypton,Drilled,Conventional,Barley,256038,60,32,8,2,
Park Farm 27,3,23/03/2021,Krypton,Drilled,Conventional,Barley,256038,60,32,8,2,
Park Farm 27,4,24/03/2021,Krypton,Drilled,Conventional,Barley,256038,60,32,8,2,
Park Farm 27,5,24/03/2021,Krypton,Drilled,Conventional,Barley,256038,60,32,8,2,
Park Farm 27,6,24/03/2021,Krypton,Drilled,Conventional,Barley,256038,60,32,8,2,
Park Farm 27,7,25/03/2021,Krypton,Drilled,Conventional,Barley,256038,60,32,8,2,
Park Farm 27,8,25/03/2021,Krypton,Drilled,Conventional,Barley,256038,60,32,8,2,
Park Farm 27,9,25/03/2021,Krypton,Drilled,Conventional,Barley,256038,60,32,8,2,
Park Farm 29,1,07/07/2021,Chiefton,Bare Roots,Conventional,None,200000,40,45,15,2.2,
Park Farm 29,2,07/07/2021,Chiefton,Bare Roots,Conventional,None,200000,55,38,7,2.1,
Park Farm 29,3,07/07/2021,Chiefton,Bare Roots,Conventional,None,200000,55,38,7,2.1,
Park Farm 29,4,07/07/2021,Chiefton,Bare Roots,Conventional,None,200000,55,38,7,2.1,
Park Farm 29,5,10/07/2021,Pluston,Bare Roots,Conventional,None,200000,55,38,7,2.1,
Park Farm 29,6,10/07/2021,Pluston,Bare Roots,Conventional,None,200000,55,38,7,2.1,
Park Farm 29,7,10/07/2021,Pluston,Bare Roots,Conventional,None,200000,55,38,7,2.1,
Park Farm 29,8,10/07/2021,Pluston,Bare Roots,Conventional,None,200000,40,45,15,2.2,
Grotec Reeves,1,26/06/2021,Krypton,Bare Roots,Conventional,None,200000,44,46,10,1.4,
Grotec Reeves,2,26/06/2021,Krypton,Bare Roots,Conventional,None,200000,44,46,10,1.4,
Grotec Reeves,3,26/06/2021,Krypton,Bare Roots,Conventional,None,200000,44,46,10,1.4,
Grotec Reeves,4,30/06/2021,Krypton,Bare Roots,Conventional,None,200000,44,46,10,1.4,
Grotec Reeves,5,30/06/2021,Krypton,Bare Roots,Conventional,None,200000,44,46,10,1.4,
Grotec Reeves,6,04/07/2021,Krypton,Bare Roots,Conventional,None,200000,44,46,10,1.4,
Grotec Reeves,7,05/07/2021,Chiefton,Bare Roots,Conventional,None,200000,44,46,10,1.4,
Grotec Reeves,8,05/07/2021,Chiefton,Bare Roots,Conventional,None,200000,44,46,10,1.4,
Grotec School Road,1,24/06/2021,Krypton,Bare Roots,Conventional,None,200000,40,50,10,2,
Grotec School Road,2,24/06/2021,Krypton,Bare Roots,Conventional,None,200000,40,50,10,2,
Grotec School Road,3,25/06/2021,Krypton,Bare Roots,Conventional,None,200000,40,50,10,2,
Grotec School Road,4,25/06/2021,Krypton,Bare Roots,Conventional,None,200000,40,50,10,2,
Grotec Far Black,1,08/04/2021,Krypton,Drilled,Conventional,Barley,254399,32,57,11,50,
Grotec Far Black,2,08/04/2021,Krypton,Drilled,Conventional,Barley,254399,32,57,11,50,
Grotec Far Black,3,08/04/2021,Krypton,Drilled,Conventional,Barley,254399,32,57,11,50,
Grotec Far Black,4,02/04/2021,Krypton,Drilled,Conventional,Barley,258776,32,57,11,50,
Grotec Far Black,5,02/04/2021,Krypton,Drilled,Conventional,Barley,258776,32,57,11,50,
Grotec Far Black,6,08/04/2021,Krypton,Drilled,Conventional,Barley,254399,50,39,10,30,
Grotec Far Black,7,08/04/2021,Krypton,Drilled,Conventional,Barley,254399,50,39,10,30,
Allans 11,1,12/04/2021,Batter,Drilled,Conventional,Barley,255772,36,44,20,18.3,
Allans 11,2,12/04/2021,Batter,Drilled,Conventional,Barley,255772,36,44,20,18.3,
Allans 11,3,12/04/2021,Batter,Drilled,Conventional,Barley,255772,36,44,20,18.3,
Allans 11,4,12/04/2021,Batter,Drilled,Conventional,Barley,255772,36,44,20,18.3,
Allans 08/09,1,13/04/2021,Chiefton,Drilled,Conventional,Barley,252431,39,43,18,17,
Allans 08/09,2,13/04/2021,Chiefton,Drilled,Conventional,Barley,252431,39,43,18,17,
Allans 08/09,3,13/04/2021,Chiefton,Drilled,Conventional,Barley,252431,39,43,18,17,
Allans 08/09,4,13/04/2021,Chiefton,Drilled,Conventional,Barley,252431,39,43,18,17,
Allans 08/09,5,13/04/2021,Chiefton,Drilled,Conventional,Barley,252431,39,43,18,17,
Allans 08/09,6,13/04/2021,Chiefton,Drilled,Conventional,Barley,252431,39,43,18,17,
Allans 06,1,10/04/2021,Krypton,Drilled,Conventional,Barley,262270,40,41,19,24.6,
Allans 06,2,10/04/2021,Krypton,Drilled,Conventional,Barley,262270,40,41,19,24.6,
Allans 06,3,10/04/2021,Krypton,Drilled,Conventional,Barley,262270,40,41,19,24.6,
Allans 06,4,11/04/2021,Krypton,Drilled,Conventional,Barley,259048,40,41,19,24.6,
Allans 06,5,11/04/2021,Krypton,Drilled,Conventional,Barley,259048,40,41,19,24.6,
Allans 06,6,11/04/2021,Krypton,Drilled,Conventional,Barley,259048,40,41,19,24.6,
Soles 17,1,13/04/2021,Chiefton,Drilled,Conventional,Barley,239861,22,55,23,26.7,
Soles 17,2,13/04/2021,Chiefton,Drilled,Conventional,Barley,239861,22,55,23,26.7,
Soles 17,3,13/04/2021,Chiefton,Drilled,Conventional,Barley,239861,22,55,23,26.7,
Soles 17,4,13/04/2021,Chiefton,Drilled,Conventional,Barley,239861,22,55,23,26.7,
Soles 19,1,14/04/2021,Chiefton,Drilled,Conventional,Barley,233417,9,58,33,62.7,
Soles 19,2,14/04/2021,Chiefton,Drilled,Conventional,Barley,233417,9,58,33,62.7,
Soles 19,3,14/04/2021,Chiefton,Drilled,Conventional,Barley,233417,9,58,33,62.7,
Soles 19,4,14/04/2021,Chiefton,Drilled,Conventional,Barley,233417,9,58,33,62.7,
Markillies Shipey,1,24/04/2021,Chiefton,Drilled,Conventional,Barley,254231,48,38,14,2.7,
Markillies Shipey,2,24/04/2021,Chiefton,Drilled,Conventional,Barley,254231,48,38,14,2.7,
Markillies Shipey,3,24/04/2021,Chiefton,Drilled,Conventional,Barley,254231,48,38,14,2.7,
Markillies Shipey,4,24/04/2021,Chiefton,Drilled,Conventional,Barley,254231,48,38,14,2.7,
Markillies 4,1,23/04/2021,Stromboli,Drilled,Conventional,Barley,261692,41,46,13,2.9,
Markillies 4,2,23/04/2021,Stromboli,Drilled,Conventional,Barley,261692,41,46,13,2.9,
Markillies 4,3,23/04/2021,Stromboli,Drilled,Conventional,Barley,261692,41,46,13,2.9,
Markillies 4,4,23/04/2021,Autura,Drilled,Conventional,Barley,258648,41,46,13,2.9,
Markillies 4,5,23/04/2021,Autura,Drilled,Conventional,Barley,258648,41,46,13,2.9,
Markillies 4,6,23/04/2021,Autura,Drilled,Conventional,Barley,258648,41,46,13,2.9,
Markillies 4,7,23/04/2021,Chiefton,Drilled,Conventional,Barley,253950,41,46,13,2.9,
Markillies 4,8,23/04/2021,Chiefton,Drilled,Conventional,Barley,253950,41,46,13,2.9,
Markillies 4,9,23/04/2021,Chiefton,Drilled,Conventional,Barley,253950,41,46,13,2.9,
Markillies 4,10,23/04/2021,Chiefton,Drilled,Conventional,Barley,253950,41,46,13,2.9,
Symmingtons Long Road B,1,23/06/2021,Chiefton,Plant Tape,Conventional,None,202581,57,28,15,2.6,
Symmingtons Long Road B,2,23/06/2021,Chiefton,Plant Tape,Conventional,None,202581,57,28,15,2.6,
Symmingtons Long Road B,3,23/06/2021,Chiefton,Plant Tape,Conventional,None,202581,57,28,15,2.6,
Symmingtons Long Road B,4,23/06/2021,Chiefton,Plant Tape,Conventional,None,202581,57,28,15,2.6,
Symmingtons Boundary A,1,17/06/2021,Chiefton,Plant Tape,Conventional,None,196000,57,28,15,2.6,
Symmingtons Boundary A,2,17/06/2021,Chiefton,Plant Tape,Conventional,None,196000,57,28,15,2.6,
Symmingtons Boundary A,3,22/06/2021,Chiefton,Plant Tape,Conventional,None,200000,57,28,15,2.6,
Symmingtons Boundary A,4,22/06/2021,Chiefton,Plant Tape,Conventional,None,200000,57,28,15,2.6,
Symmingtons Boundary C,1,26/04/2021,Chiefton,Drilled,Conventional,Barley,267528,61,28,11,2.2,
Symmingtons Boundary C,2,26/04/2021,Chiefton,Drilled,Conventional,Barley,267528,61,28,11,2.2,
Symmingtons Boundary C,3,27/04/2021,Chiefton,Drilled,Conventional,Barley,267528,61,28,11,2.2,
Symmingtons Boundary C,4,27/04/2021,Chiefton,Drilled,Conventional,Barley,267528,61,28,11,2.2,
Chatteris Farms 39,1,27/06/2021,Pluston,Plant Tape,Conventional,None,210000,39,41,20,11.8,
Chatteris Farms 39,2,27/06/2021,Pluston,Plant Tape,Conventional,None,210000,39,41,20,11.8,
Chatteris Farms 39,3,27/06/2021,Pluston,Plant Tape,Conventional,None,210000,39,41,20,11.8,
Chatteris Farms 39,4,28/06/2021,Laston,Plant Tape,Conventional,None,210000,39,41,20,11.8,
Chatteris Farms 39,5,28/06/2021,Laston,Plant Tape,Conventional,None,210000,39,41,20,11.8,
Chatteris Farms 39,6,28/06/2021,Laston,Plant Tape,Conventional,None,210000,39,41,20,11.8,
Spencers Church Pit A,1,28/05/2021,Chiefton,Modules,Organic,None,200000,33,55,12,2.4,
Spencers Church Pit A,2,28/05/2021,Chiefton,Modules,Organic,None,200000,33,55,12,2.4,
Spencers Church Pit A,3,28/05/2021,Chiefton,Modules,Organic,None,200000,33,55,12,2.4,
Spencers Church Pit A,4,30/05/2021,Belton,Modules,Organic,None,200000,33,55,12,2.4,
Spencers Church Pit A,5,30/05/2021,Belton,Modules,Organic,None,200000,33,55,12,2.4,
Spencers Church Pit A,6,30/05/2021,Belton,Modules,Organic,None,200000,33,55,12,2.4,
Spencers Church Pit A,7,03/06/2021,Defender,Modules,Organic,None,200000,33,55,12,2.4,
Spencers Church Pit A,8,03/06/2021,Defender,Modules,Organic,None,200000,33,55,12,2.4,
Spencers Church Pit A,9,03/06/2021,Defender,Modules,Organic,None,200000,33,55,12,2.4,
Spencers Church Pit B,1,15/06/2021,Defender,Bare Roots,Organic,None,200000,33,55,12,2.4,
Spencers Church Pit B,2,15/06/2021,Defender,Bare Roots,Organic,None,200000,33,55,12,2.4,
Spencers Church Pit B,3,15/06/2021,Defender,Bare Roots,Organic,None,200000,33,55,12,2.4,
Spencers Allotments,1,22/06/2021,Defender,Bare Roots,Organic,None,200000,40,53,7,1.7,
Spencers Allotments,2,22/06/2021,Defender,Bare Roots,Organic,None,200000,40,53,7,1.7,
Spencers Allotments,3,22/06/2021,Defender,Bare Roots,Organic,None,200000,40,53,7,1.7,
Spencers Allotments,4,24/06/2021,Oslo,Bare Roots,Organic,None,200000,40,53,7,1.7,
Spencers Allotments,5,24/06/2021,Oslo,Bare Roots,Organic,None,200000,40,53,7,1.7,
Spencers Allotments,6,24/06/2021,Oslo,Bare Roots,Organic,None,200000,40,53,7,1.7,
Spencers Allotments,7,26/06/2021,Laston,Bare Roots,Organic,None,200000,40,53,7,1.7,
Spencers Allotments,8,26/06/2021,Laston,Bare Roots,Organic,None,200000,40,53,7,1.7,
Spencers Allotments,9,05/07/2021,Laston,Bare Roots,Organic,None,200000,40,53,7,1.7,
Spencers Allotments,10,05/07/2021,Laston,Bare Roots,Organic,None,200000,40,53,7,1.7,
Spencers Heath,1,09/07/2021,Laston,Bare Roots,Organic,None,200000,73,23,4,3,
Spencers Heath,2,09/07/2021,Laston,Bare Roots,Organic,None,200000,73,23,4,3,
Spencers Heath,3,09/07/2021,Laston,Bare Roots,Organic,None,200000,73,23,4,3,
Spencers Heath,4,18/07/2021,Triton,Bare Roots,Organic,None,200000,73,23,4,3,
Spencers Heath,5,18/07/2021,Triton,Bare Roots,Organic,None,200000,73,23,4,3,
Spencers Heath,6,18/07/2021,Triton,Bare Roots,Organic,None,200000,73,23,4,3,
RH33,1,19/07/2021,Oslo,Bare Roots,Conventional,None,200000,32,49,19,3,
RH33,2,19/07/2021,Oslo,Bare Roots,Conventional,None,200000,32,49,19,3,
RH33,3,19/07/2021,Oslo,Bare Roots,Conventional,None,200000,32,49,19,3,
RH33,4,17/07/2021,Pluston,Bare Roots,Conventional,None,200000,32,49,19,3,
RH33,5,17/07/2021,Pluston,Bare Roots,Conventional,None,200000,32,49,19,3,
RH33,6,17/07/2021,Pluston,Bare Roots,Conventional,None,200000,32,49,19,3,
RH33,7,23/07/2021,Laston,Bare Roots,Conventional,None,200000,32,49,19,3,
RH33,8,23/07/2021,Laston,Bare Roots,Conventional,None,200000,32,49,19,3,
RH33,9,23/07/2021,Laston,Bare Roots,Conventional,None,200000,32,49,19,3,
RH33,10,01/08/2021,Harston,Bare Roots,Conventional,None,200000,32,49,19,3,
RH33,11,01/08/2021,Harston,Bare Roots,Conventional,None,200000,32,49,19,3,
RH33,12,01/08/2021,Harston,Bare Roots,Conventional,None,200000,32,49,19,3,
