"Local Date","Local Time","Air temp 1","rh","Rainfall (mm)","sp5 Light","Windspeed Average mph","Windspeed Gust Max mph","Soil temp2","Bat Volt","Serial No.","Label","Name"
"04-12-22","19:00:01","2.6","100","0","0","16.18","14","6.9","012.7","2428","Weather Station","allpress"
"04-12-22","20:00:01","2.6","100","0","0","12.85","9","6.9","012.7","2428","Weather Station","allpress"
"04-12-22","21:00:01","2.8","100","0","0","14","8.25","6.9","012.7","2428","Weather Station","allpress"
"04-12-22","22:00:01","2.9","100","0","0","14.25","15","6.9","012.7","2428","Weather Station","allpress"
"04-12-22","23:00:01","3.1","100","0","0","12.6","6.5","6.9","012.7","2428","Weather Station","allpress"
"05-12-22","00:00:01","3.5","100","0","0","18.55","8.25","6.9","012.7","2428","Weather Station","allpress"
"05-12-22","01:00:01","3.5","100","0","0","14.2","9","7","012.7","2428","Weather Station","allpress"
"05-12-22","02:00:01","3.6","100","0","0","13.98","6.5","7","012.7","2428","Weather Station","allpress"
"05-12-22","03:00:01","3.4","100","0","0","12.83","12.5","7","012.7","2428","Weather Station","allpress"
"05-12-22","04:00:01","3.4","100","0","0","11.83","6.5","7","012.7","2428","Weather Station","allpress"
"05-12-22","05:00:01","3.9","100","0","0","12.05","6.5","7","012.7","2428","Weather Station","allpress"
"05-12-22","06:00:01","4.5","100","0","0","16.73","18.25","7","012.7","2428","Weather Station","allpress"
"05-12-22","07:00:01","4.9","100","0","0","18.83","9","7","012.7","2428","Weather Station","allpress"
"05-12-22","08:00:01","5.2","100","0","0","21.25","11.5","7.1","012.7","2428","Weather Station","allpress"
"05-12-22","09:00:01","5.2","100","1","36.6","16.8","8.25","7.1","012.7","2428","Weather Station","allpress"
"05-12-22","10:00:01","5.5","100","0","100.04","12.85","6.5","7.1","012.8","2428","Weather Station","allpress"
"05-12-22","11:00:01","6.4","100","0","202.52","21.75","23.25","7.2","013.3","2428","Weather Station","allpress"
"05-12-22","12:00:01","7.4","98.5","0","251.32","22.35","25","7.2","013.4","2428","Weather Station","allpress"
"05-12-22","13:00:01","7.8","93.6","0","129.32","26.65","24","7.2","013.3","2428","Weather Station","allpress"
"05-12-22","14:00:01","7.2","96","0","97.6","24.98","11.5","7.2","013.2","2428","Weather Station","allpress"
"05-12-22","15:00:01","6.1","99.6","0","46.36","21.5","12.5","7.3","013.1","2428","Weather Station","allpress"
"05-12-22","16:00:01","5.9","100","0","0","22.6","10.75","7.3","013.1","2428","Weather Station","allpress"
"05-12-22","17:00:01","5.1","100","0","0","17.7","9","7.4","013.0","2428","Weather Station","allpress"
"05-12-22","18:00:01","5","100","0","0","22.4","11.5","7.4","013.0","2428","Weather Station","allpress"
"05-12-22","19:00:01","4.1","100","0","0","17.08","9","7.4","012.9","2428","Weather Station","allpress"
"05-12-22","20:00:01","3","100","0","0","16.9","19","7.4","012.9","2428","Weather Station","allpress"
"05-12-22","21:00:01","3.6","100","0","0","12","10","7.3","012.9","2428","Weather Station","allpress"
"05-12-22","22:00:01","3.4","100","0","0","6.65","5.75","7.3","012.8","2428","Weather Station","allpress"
"05-12-22","23:00:01","2.1","100","0","0","10","10","7.3","012.8","2428","Weather Station","allpress"
"06-12-22","00:00:01","2.1","100","0","0","10.18","8.25","7.2","012.7","2428","Weather Station","allpress"
"06-12-22","01:00:01","3","100","0","0","13.03","10.75","7.2","012.7","2428","Weather Station","allpress"
"06-12-22","02:00:01","2.6","100","0","0","14.23","7.5","7.2","012.7","2428","Weather Station","allpress"
"06-12-22","03:00:01","3.2","100","0","0","13.05","7.5","7.2","012.7","2428","Weather Station","allpress"
"06-12-22","04:00:01","3.4","100","0","0","15.2","12.5","7.2","012.7","2428","Weather Station","allpress"
"06-12-22","05:00:01","2.4","100","0","0","14.4","12.5","7.2","012.7","2428","Weather Station","allpress"
"06-12-22","06:00:01","1.2","100","0","0","11.9","12.5","7.2","012.7","2428","Weather Station","allpress"
"06-12-22","07:00:01","0.6","100","0","0","15.28","15","7.1","012.7","2428","Weather Station","allpress"
"06-12-22","08:00:01","1","100","0","12.2","18.25","22.5","7.1","012.7","2428","Weather Station","allpress"
"06-12-22","09:00:01","0.9","100","0","146.4","16.2","16.5","7","013.7","2428","Weather Station","allpress"
"06-12-22","10:00:01","2.4","100","0","214.72","12.08","8.25","6.9","013.7","2428","Weather Station","allpress"
"06-12-22","11:00:01","3.4","100","0","180.56","16.78","10.75","6.9","013.4","2428","Weather Station","allpress"
"06-12-22","12:00:01","3.6","100","0","109.8","20.93","10.75","6.9","013.3","2428","Weather Station","allpress"
"06-12-22","13:00:01","4.4","100","0","292.8","19.9","14","6.9","013.5","2428","Weather Station","allpress"
"06-12-22","14:00:01","4.7","99.1","0","97.6","19.4","15","6.9","013.3","2428","Weather Station","allpress"
"06-12-22","15:00:01","4.4","100","0","63.44","22.55","15","6.9","013.2","2428","Weather Station","allpress"
"06-12-22","16:00:01","4","100","0","0","17.53","12.5","6.9","013.1","2428","Weather Station","allpress"
"06-12-22","17:00:01","3.9","100","0","0","17.68","12.5","7","013.1","2428","Weather Station","allpress"
"06-12-22","18:00:01","3.6","100","0","0","21.65","13.25","7","013.0","2428","Weather Station","allpress"
"06-12-22","19:00:01","2.6","100","0","0","17.9","10.75","7","013.0","2428","Weather Station","allpress"
"06-12-22","20:00:01","2.7","100","0","0","23.03","12.5","7","013.0","2428","Weather Station","allpress"
"06-12-22","21:00:01","1.8","100","0","0","22.8","17.5","6.9","012.9","2428","Weather Station","allpress"
"06-12-22","22:00:01","1.2","100","0","0","25.55","25","6.9","012.9","2428","Weather Station","allpress"
"06-12-22","23:00:01","1.1","100","0","0","27.68","27.5","6.8","012.9","2428","Weather Station","allpress"
"07-12-22","00:00:01","0.5","100","0","0","25.45","24","6.8","012.9","2428","Weather Station","allpress"
"07-12-22","01:00:01","0.5","100","0","0","23.9","20.75","6.7","012.8","2428","Weather Station","allpress"
"07-12-22","02:00:01","0.3","100","0","0","25.78","23.25","6.7","012.8","2428","Weather Station","allpress"
"07-12-22","03:00:01","0.1","100","0","0","27.1","27.5","6.6","012.8","2428","Weather Station","allpress"
"07-12-22","04:00:01","0","100","0","0","24.1","22.5","6.6","012.7","2428","Weather Station","allpress"
"07-12-22","05:00:01","0","100","0","0","30.23","22.5","6.6","012.7","2428","Weather Station","allpress"
"07-12-22","06:00:01","-0.5","100","0","0","22.83","22.5","6.5","012.7","2428","Weather Station","allpress"
"07-12-22","07:00:01","-1.1","100","0","0","19.95","17.5","6.4","012.7","2428","Weather Station","allpress"
"07-12-22","08:00:01","-1.1","100","0","12.2","18.05","15.75","6.4","012.7","2428","Weather Station","allpress"
"07-12-22","09:00:01","0.1","100","0","136.64","14.3","8.25","6.3","013.7","2428","Weather Station","allpress"
"07-12-22","10:00:01","1.8","99.5","0","309.88","18.23","14","6.2","013.7","2428","Weather Station","allpress"
"07-12-22","11:00:01","1.7","96.9","0","212.28","20.65","19","6.2","013.7","2428","Weather Station","allpress"
"07-12-22","12:00:01","2.1","96.9","0","219.6","20.78","10","6.1","013.7","2428","Weather Station","allpress"
"07-12-22","13:00:01","3.1","90.4","0","212.28","19.53","10.75","6.1","013.7","2428","Weather Station","allpress"
"07-12-22","14:00:01","3.5","88.4","0","141.52","19.3","10.75","6.1","013.7","2428","Weather Station","allpress"
"07-12-22","15:00:01","2.7","90.6","0","68.32","16.65","20","6.1","013.5","2428","Weather Station","allpress"
"07-12-22","16:00:01","0.5","99.1","0","0","12.23","12.5","6.1","013.2","2428","Weather Station","allpress"
"07-12-22","17:00:01","-0.6","100","0","0","12.43","13.25","6.1","013.1","2428","Weather Station","allpress"
"07-12-22","18:00:01","-1.1","100","0","0","1.8","7.5","6.1","013.1","2428","Weather Station","allpress"
"07-12-22","19:00:01","-0.7","100","0","0","15.95","18.25","6","013.1","2428","Weather Station","allpress"
"07-12-22","20:00:01","-1.2","100","0","0","19.73","18.25","5.9","013.0","2428","Weather Station","allpress"
"07-12-22","21:00:01","-1.9","100","0","0","12.4","19","5.9","013.0","2428","Weather Station","allpress"
"07-12-22","22:00:01","-2","100","0","0","14.78","20.75","5.9","013.0","2428","Weather Station","allpress"
"07-12-22","23:00:01","-2.5","100","0","0","12.4","8.25","5.8","013.0","2428","Weather Station","allpress"
"08-12-22","00:00:01","-2.5","100","0","0","14.58","15","5.7","013.0","2428","Weather Station","allpress"
"08-12-22","01:00:01","-3","100","0","0","13.4","12.5","5.7","013.0","2428","Weather Station","allpress"
"08-12-22","02:00:01","-3.3","100","0","0","14.18","14","5.6","012.9","2428","Weather Station","allpress"
"08-12-22","03:00:01","-3","100","0","0","16.08","15","5.5","012.9","2428","Weather Station","allpress"
"08-12-22","04:00:02","-3.2","100","0","0","12.5","7.5","5.4","012.9","2428","Weather Station","allpress"
"08-12-22","05:00:02","-3.8","100","0","0","12.83","14","5.3","012.9","2428","Weather Station","allpress"
"08-12-22","06:00:02","-3.4","100","0","0","14.45","18.25","5.2","012.9","2428","Weather Station","allpress"
"08-12-22","07:00:01","-2.9","100","0","0","13.58","7.5","5.2","012.9","2428","Weather Station","allpress"
"08-12-22","08:00:01","-3.5","100","0","12.2","11.53","12.5","5.1","012.9","2428","Weather Station","allpress"
"08-12-22","09:00:01","-2","100","0","146.4","13.98","15.75","5","013.7","2428","Weather Station","allpress"
"08-12-22","10:00:01","0","96.4","0","239.12","11.8","13.25","4.9","013.7","2428","Weather Station","allpress"
"08-12-22","11:00:01","1","89.5","0","275.72","14.98","8.25","4.9","013.7","2428","Weather Station","allpress"
"08-12-22","12:00:02","1.7","84.2","0","261.08","20.03","11.5","4.9","013.7","2428","Weather Station","allpress"
"08-12-22","13:00:02","1.9","81.5","0","212.28","21.83","11.5","4.8","013.7","2428","Weather Station","allpress"
"08-12-22","14:00:01","2.3","79.6","0","146.4","18.48","19","4.8","013.7","2428","Weather Station","allpress"
"08-12-22","15:00:01","0.9","82.8","0","68.32","16.6","18.25","4.8","013.5","2428","Weather Station","allpress"
"08-12-22","16:00:01","-1.4","92","0","0","7.43","12.5","4.8","013.2","2428","Weather Station","allpress"
"08-12-22","17:00:01","-2.3","97.5","0","0","2.83","3.25","4.8","013.1","2428","Weather Station","allpress"
"08-12-22","18:00:01","-2.4","98.6","0","0","3.78","4","4.8","013.1","2428","Weather Station","allpress"
"08-12-22","19:00:01","-2.7","98.6","0","0","8.35","5","4.8","013.1","2428","Weather Station","allpress"
"08-12-22","20:00:01","-3.2","99.2","0","0","5.05","5","4.7","013.0","2428","Weather Station","allpress"
"08-12-22","21:00:01","-2.8","100","0","0","3.43","9","4.6","013.0","2428","Weather Station","allpress"
"08-12-22","22:00:01","-2.1","99","0","0","3.8","6.5","4.6","013.0","2428","Weather Station","allpress"
"08-12-22","23:00:01","-2","100","0","0","11.28","10","4.5","013.0","2428","Weather Station","allpress"
"09-12-22","00:00:02","-2.6","100","0","0","8.03","11.5","4.5","013.0","2428","Weather Station","allpress"
"09-12-22","01:00:02","-3.4","100","0","0","11.2","12.5","4.5","013.0","2428","Weather Station","allpress"
"09-12-22","02:00:01","-3.7","100","0","0","11.33","8.25","4.4","012.9","2428","Weather Station","allpress"
"09-12-22","03:00:01","-3.3","100","0","0","12.2","13.25","4.4","012.9","2428","Weather Station","allpress"
"09-12-22","04:00:01","-1.9","100","0","0","14.1","17.5","4.4","012.9","2428","Weather Station","allpress"
"09-12-22","05:00:01","-3.1","100","0","0","11.6","15.75","4.4","012.9","2428","Weather Station","allpress"
"09-12-22","06:00:01","-2.8","100","0","0","5.58","12.5","4.4","012.9","2428","Weather Station","allpress"
"09-12-22","07:00:01","-3.3","100","0","0","0.1","4","4.4","012.9","2428","Weather Station","allpress"
"09-12-22","08:00:01","-3.4","100","0","7.32","14.05","10.75","4.4","012.9","2428","Weather Station","allpress"
"09-12-22","09:00:01","-2.7","100","0","143.96","1.85","8.25","4.3","013.7","2428","Weather Station","allpress"
"09-12-22","10:00:01","-0.4","100","0","319.64","0.98","8.25","4.3","013.7","2428","Weather Station","allpress"
"09-12-22","11:00:01","0.9","94.8","1","273.28","5.83","5","4.2","013.7","2428","Weather Station","allpress"
"09-12-22","12:00:01","2","84.6","0","261.08","9.9","7.5","4.2","013.7","2428","Weather Station","allpress"
"09-12-22","13:00:01","3.1","80.9","0","209.84","11.73","6.5","4.2","013.7","2428","Weather Station","allpress"
"09-12-22","14:00:01","3.6","77.5","0","143.96","9","5.75","4.2","013.7","2428","Weather Station","allpress"
"09-12-22","15:00:01","2.8","77.9","0","65.88","8.93","10.75","4.2","013.5","2428","Weather Station","allpress"
"09-12-22","16:00:01","0.5","91.5","0","0","5.85","12.5","4.3","013.2","2428","Weather Station","allpress"
"09-12-22","17:00:01","-0.7","96","0","0","1.7","5.75","4.3","013.1","2428","Weather Station","allpress"
"09-12-22","18:00:01","-0.8","100","0","0","9.03","11.5","4.3","013.1","2428","Weather Station","allpress"
"09-12-22","19:00:01","-1.2","100","0","0","4.7","9","4.2","013.1","2428","Weather Station","allpress"
"09-12-22","20:00:01","-1.7","100","0","0","12.65","15","4.2","013.0","2428","Weather Station","allpress"
"09-12-22","21:00:01","-2","100","0","0","14.98","10.75","4.2","013.0","2428","Weather Station","allpress"
"09-12-22","22:00:01","-2.2","100","0","0","12","15","4.1","013.0","2428","Weather Station","allpress"
"09-12-22","23:00:01","-2.8","100","0","0","12.03","10","4.1","013.0","2428","Weather Station","allpress"
"10-12-22","00:00:01","-3.1","100","0","0","6.7","8.25","4.1","013.0","2428","Weather Station","allpress"
"10-12-22","01:00:01","-3.2","100","0","0","6.85","11.5","4.1","012.9","2428","Weather Station","allpress"
"10-12-22","02:00:01","-3.5","100","0","0","0.95","4","4","012.9","2428","Weather Station","allpress"
"10-12-22","03:00:01","-2","100","0","0","8.68","17.5","3.9","012.9","2428","Weather Station","allpress"
"10-12-22","04:00:01","-1.6","100","0","0","9.53","13.25","3.9","012.9","2428","Weather Station","allpress"
"10-12-22","05:00:01","-2.5","100","0","0","14.78","17.5","3.9","012.9","2428","Weather Station","allpress"
"10-12-22","06:00:01","-2.1","100","0","0","2","8.25","3.9","012.9","2428","Weather Station","allpress"
"10-12-22","07:00:01","-2.3","100","0","0","3.3","4","3.9","012.9","2428","Weather Station","allpress"
"10-12-22","08:00:01","-2.4","100","0","2.44","3.83","5.75","3.9","012.9","2428","Weather Station","allpress"
"10-12-22","09:00:01","-2.4","100","0","131.76","5.25","10","3.9","013.7","2428","Weather Station","allpress"
"10-12-22","10:00:01","-1.6","100","0","253.76","9.3","11.5","3.9","013.7","2428","Weather Station","allpress"
"10-12-22","11:00:01","0.3","96.8","0","265.96","8.5","5.75","3.9","013.7","2428","Weather Station","allpress"
"10-12-22","12:00:01","1.1","90.6","0","258.64","4.05","5","3.9","013.7","2428","Weather Station","allpress"
"10-12-22","13:00:01","2","88.6","0","214.72","7.4","9","3.9","013.7","2428","Weather Station","allpress"
"10-12-22","14:00:01","2.2","86.5","0","146.4","12.65","13.25","3.9","013.7","2428","Weather Station","allpress"
"10-12-22","15:00:02","1.7","89.2","0","63.44","4.33","11.5","4","013.5","2428","Weather Station","allpress"
"10-12-22","16:00:01","-1.1","100","0","0","0","0","4","013.2","2428","Weather Station","allpress"
"10-12-22","17:00:01","-2.6","100","0","0","0","0","4","013.1","2428","Weather Station","allpress"
"10-12-22","18:00:01","-2.8","100","0","0","0","0","4","013.1","2428","Weather Station","allpress"
"10-12-22","19:00:01","-3.5","100","0","0","0","0","3.9","013.0","2428","Weather Station","allpress"
"10-12-22","20:00:01","-3.3","100","0","0","0","0","3.9","013.0","2428","Weather Station","allpress"
"10-12-22","21:00:01","-4","100","0","0","0","0","3.8","013.0","2428","Weather Station","allpress"
"10-12-22","22:00:01","-4.5","100","0","0","0","0","3.7","013.0","2428","Weather Station","allpress"
"10-12-22","23:00:01","-6","100","0","0","0","0","3.6","012.9","2428","Weather Station","allpress"
"11-12-22","00:00:01","-5.4","100","0","0","0","0","3.5","012.9","2428","Weather Station","allpress"
"11-12-22","01:00:01","-6.3","100","0","0","0","0","3.4","012.9","2428","Weather Station","allpress"
"11-12-22","02:00:01","-6.5","100","0","0","0","0","3.3","012.9","2428","Weather Station","allpress"
"11-12-22","03:00:01","-6.2","100","0","0","0","0","3.2","012.9","2428","Weather Station","allpress"
"11-12-22","04:00:01","-6.8","100","0","0","0","0","3.1","012.8","2428","Weather Station","allpress"
"11-12-22","05:00:01","-7.6","100","0","0","0","0","3","012.8","2428","Weather Station","allpress"
"11-12-22","06:00:01","-6.8","100","0","0","0","0","2.9","012.8","2428","Weather Station","allpress"
"11-12-22","07:00:01","-6","100","0","0","0","0","2.8","012.8","2428","Weather Station","allpress"
"11-12-22","08:00:01","-6.4","100","0","2.44","0","0","2.7","012.8","2428","Weather Station","allpress"
"11-12-22","09:00:01","-6.4","100","0","43.92","0","0","2.7","012.8","2428","Weather Station","allpress"
"11-12-22","10:00:01","-5.2","100","0","107.36","0","0","2.7","013.1","2428","Weather Station","allpress"
"11-12-22","11:00:01","-5.1","100","0","104.92","0","0","2.7","013.2","2428","Weather Station","allpress"
"11-12-22","12:00:01","-4.7","100","0","146.4","0","0","2.7","013.4","2428","Weather Station","allpress"
"11-12-22","13:00:01","-4","100","0","195.2","0","0","2.7","013.6","2428","Weather Station","allpress"
"11-12-22","14:00:01","-3.8","100","0","41.48","0","0","2.6","013.2","2428","Weather Station","allpress"
"11-12-22","15:00:01","-3.8","100","0","29.28","0","0","2.6","013.0","2428","Weather Station","allpress"
"11-12-22","16:00:01","-3.6","100","0","0","0.75","3.25","2.6","012.9","2428","Weather Station","allpress"
"11-12-22","17:00:01","-3.4","100","0","0","5.8","5","2.7","012.9","2428","Weather Station","allpress"
"11-12-22","18:00:01","-2.3","100","0","0","3.65","6.5","2.7","012.8","2428","Weather Station","allpress"
"11-12-22","19:00:02","-2","100","0","0","2.33","5","2.7","012.8","2428","Weather Station","allpress"
"11-12-22","20:00:02","-2.3","100","0","0","5.75","8.25","2.7","012.8","2428","Weather Station","allpress"
"11-12-22","21:00:01","-2.8","100","0","0","3.33","5","2.7","012.8","2428","Weather Station","allpress"
"11-12-22","22:00:01","-3","100","0","0","9.78","8.25","2.7","012.8","2428","Weather Station","allpress"
"11-12-22","23:00:01","-3","100","0","0","5.85","7.5","2.7","012.8","2428","Weather Station","allpress"
"12-12-22","00:00:01","-3.1","100","0","0","7","5","2.8","012.8","2428","Weather Station","allpress"
"12-12-22","01:00:01","-2.9","100","0","0","8.93","10.75","2.8","012.8","2428","Weather Station","allpress"
"12-12-22","02:00:01","-2.3","100","0","0","9.03","7.5","2.8","012.8","2428","Weather Station","allpress"
"12-12-22","03:00:01","-2.3","100","0","0","12.28","9","2.9","012.8","2428","Weather Station","allpress"
"12-12-22","04:00:01","-2.3","100","0","0","13.95","9","2.9","012.8","2428","Weather Station","allpress"
"12-12-22","05:00:02","-2.1","100","0","0","13.05","8.25","3","012.8","2428","Weather Station","allpress"
"12-12-22","06:00:02","-2","100","0","0","15.5","13.25","3","012.8","2428","Weather Station","allpress"
"12-12-22","07:00:01","-1.8","100","0","0","10.4","15","3","012.8","2428","Weather Station","allpress"
"12-12-22","08:00:01","-1.7","100","0","0","9.53","13.25","3.1","012.8","2428","Weather Station","allpress"
"12-12-22","09:00:01","-1.5","100","0","21.96","1.4","6.5","3.1","012.8","2428","Weather Station","allpress"
"12-12-22","10:00:01","-1.3","100","0","70.76","0","0","3.2","012.8","2428","Weather Station","allpress"
"12-12-22","11:00:02","-1.1","100","0","114.68","0","0","3.2","013.1","2428","Weather Station","allpress"
"12-12-22","12:00:02","-0.4","100","0","141.52","2.2","10","3.2","013.3","2428","Weather Station","allpress"
"12-12-22","13:00:01","-0.4","100","0","82.96","1.08","3.25","3.3","013.2","2428","Weather Station","allpress"
"12-12-22","14:00:01","0.1","100","0","73.2","0.23","2.5","3.3","013.1","2428","Weather Station","allpress"
"12-12-22","15:00:01","-0.2","100","0","36.6","0.1","1.5","3.4","013.1","2428","Weather Station","allpress"
"12-12-22","16:00:02","-0.5","100","1","0","0","0","3.4","012.9","2428","Weather Station","allpress"
"12-12-22","17:00:02","-0.7","100","0","0","5.58","9","3.4","012.8","2428","Weather Station","allpress"
"12-12-22","18:00:02","-1","100","0","0","0.95","10","3.5","012.8","2428","Weather Station","allpress"
"12-12-22","19:00:01","-1.3","100","0","0","0.03","2.5","3.5","012.8","2428","Weather Station","allpress"
"12-12-22","20:00:01","-1.8","100","0","0","0","0","3.5","012.8","2428","Weather Station","allpress"
"12-12-22","21:00:01","-1.4","100","0","0","0.9","5.75","3.5","012.7","2428","Weather Station","allpress"
"12-12-22","22:00:01","-2.4","100","0","0","0","0","3.5","012.7","2428","Weather Station","allpress"
"12-12-22","23:00:01","-4.2","100","0","0","0","0","3.5","012.7","2428","Weather Station","allpress"
"13-12-22","00:00:01","-3.9","100","0","0","0","0","3.5","012.7","2428","Weather Station","allpress"
"13-12-22","01:00:01","-4.4","100","0","0","0","0","3.4","012.7","2428","Weather Station","allpress"
"13-12-22","02:00:01","-5.5","100","0","0","0","0","3.3","012.7","2428","Weather Station","allpress"
"13-12-22","03:00:01","-6.6","100","0","0","0","0","3.3","012.7","2428","Weather Station","allpress"
"13-12-22","04:00:01","-7","100","0","0","0","0","3.2","012.7","2428","Weather Station","allpress"
"13-12-22","05:00:01","-7.5","100","0","0","0","0","3.1","012.6","2428","Weather Station","allpress"
"13-12-22","06:00:01","-7.5","100","0","0","0","0","3.1","012.6","2428","Weather Station","allpress"
"13-12-22","07:00:01","-7.1","100","0","0","0","0","3","012.6","2428","Weather Station","allpress"
"13-12-22","08:00:01","-7.1","100","0","0","0","0","3","012.6","2428","Weather Station","allpress"
"13-12-22","09:00:01","-6.4","100","0","41.48","0.33","5","2.9","012.6","2428","Weather Station","allpress"
"13-12-22","10:00:01","-5.9","100","0","78.08","2.23","5.75","2.9","012.9","2428","Weather Station","allpress"
"13-12-22","11:00:01","-4.7","100","0","134.2","6.3","7.5","2.8","013.3","2428","Weather Station","allpress"
"13-12-22","12:00:01","-4","100","0","158.6","0.5","3.25","2.8","013.4","2428","Weather Station","allpress"
"13-12-22","13:00:01","-3.2","100","0","139.08","2.68","7.5","2.8","013.4","2428","Weather Station","allpress"
"13-12-22","14:00:01","-2.5","100","0","129.32","6.95","10.75","2.8","013.4","2428","Weather Station","allpress"
"13-12-22","15:00:01","-2.6","100","0","29.28","0.48","4","2.8","013.1","2428","Weather Station","allpress"
"13-12-22","16:00:01","-2.7","100","0","0","0","0","2.8","013.0","2428","Weather Station","allpress"
"13-12-22","17:00:01","-2.9","100","0","0","1.8","6.5","2.8","012.9","2428","Weather Station","allpress"
"13-12-22","18:00:01","-2.7","100","0","0","4.93","4","2.8","012.8","2428","Weather Station","allpress"
"13-12-22","19:00:01","-2.5","100","0","0","12.25","12.5","2.8","012.7","2428","Weather Station","allpress"
"13-12-22","20:00:01","-2.7","100","0","0","8.15","7.5","2.9","012.7","2428","Weather Station","allpress"
"13-12-22","21:00:01","-2.4","100","0","0","7.55","6.5","2.9","012.7","2428","Weather Station","allpress"
"13-12-22","22:00:01","-2.7","100","0","0","15.2","13.25","2.9","012.7","2428","Weather Station","allpress"
"13-12-22","23:00:01","-3.1","100","0","0","12.33","13.25","2.9","012.6","2428","Weather Station","allpress"
"14-12-22","00:00:01","-3.2","100","0","0","13.73","13.25","3","012.6","2428","Weather Station","allpress"
"14-12-22","01:00:01","-3","100","0","0","15.05","11.5","3","012.6","2428","Weather Station","allpress"
"14-12-22","02:00:01","-4","100","0","0","12.98","11.5","3","012.6","2428","Weather Station","allpress"
"14-12-22","03:00:01","-4.5","100","0","0","16.68","10.75","3","012.6","2428","Weather Station","allpress"
"14-12-22","04:00:01","-4.7","100","0","0","19.23","34","3","012.6","2428","Weather Station","allpress"
"14-12-22","05:00:01","-5.2","100","0","0","17.8","20","3","012.6","2428","Weather Station","allpress"
"14-12-22","06:00:01","-5.7","100","0","0","18.33","16.5","3","012.6","2428","Weather Station","allpress"
"14-12-22","07:00:01","-6.4","100","0","0","24.3","21.5","3","012.6","2428","Weather Station","allpress"
"14-12-22","08:00:01","-6.3","100","0","2.44","20.8","21.5","3","012.6","2428","Weather Station","allpress"
"14-12-22","09:00:01","-5.6","100","0","61","20","18.25","3","012.7","2428","Weather Station","allpress"
"14-12-22","10:00:01","-4.6","100","0","114.68","22.28","22.5","2.9","013.0","2428","Weather Station","allpress"
"14-12-22","11:00:01","-3.2","100","0","173.24","15.9","8.25","2.9","013.2","2428","Weather Station","allpress"
"14-12-22","12:00:01","-2.2","100","0","141.52","19.43","10.75","2.9","013.3","2428","Weather Station","allpress"
"14-12-22","13:00:01","-1.6","100","0","146.4","20.28","17.5","2.9","013.3","2428","Weather Station","allpress"
"14-12-22","14:00:01","-0.8","100","0","129.32","14.9","21.5","2.9","013.4","2428","Weather Station","allpress"
"14-12-22","15:00:01","-0.8","100","0","51.24","18.53","14","2.9","013.2","2428","Weather Station","allpress"
"14-12-22","16:00:01","-1.8","100","0","0","14.05","17.5","2.9","013.1","2428","Weather Station","allpress"
"14-12-22","17:00:01","-2.6","100","0","0","10.98","8.25","2.9","013.0","2428","Weather Station","allpress"
"14-12-22","18:00:01","-3.1","100","0","0","13.35","13.25","2.9","012.9","2428","Weather Station","allpress"
"14-12-22","19:00:01","-3.2","100","0","0","12.9","15","2.9","012.8","2428","Weather Station","allpress"
"14-12-22","20:00:01","-4","100","0","0","9.98","14","2.9","012.8","2428","Weather Station","allpress"
"14-12-22","21:00:01","-4.5","100","0","0","12.7","17.5","2.9","012.7","2428","Weather Station","allpress"
"14-12-22","22:00:01","-4.8","100","0","0","9.75","15.75","2.9","012.7","2428","Weather Station","allpress"
"14-12-22","23:00:01","-5.7","100","0","0","7","9","2.9","012.6","2428","Weather Station","allpress"
"15-12-22","00:00:01","-5.5","100","0","0","9.3","7.5","2.8","012.6","2428","Weather Station","allpress"
"15-12-22","01:00:01","-5.1","100","0","0","13.93","10.75","2.8","012.6","2428","Weather Station","allpress"
"15-12-22","02:00:01","-6","100","0","0","13.33","10.75","2.7","012.6","2428","Weather Station","allpress"
"15-12-22","03:00:01","-7.6","100","0","0","1.7","5","2.7","012.6","2428","Weather Station","allpress"
"15-12-22","04:00:01","-7","100","0","0","1.18","6.5","2.7","012.6","2428","Weather Station","allpress"
"15-12-22","05:00:01","-7.9","100","0","0","2.68","5","2.6","012.5","2428","Weather Station","allpress"
"15-12-22","06:00:01","-7.6","100","0","0","3.23","4","2.6","012.5","2428","Weather Station","allpress"
"15-12-22","07:00:01","-8.5","100","0","0","4.95","9","2.5","012.5","2428","Weather Station","allpress"
"15-12-22","08:00:01","-8.1","100","0","2.44","8.8","11.5","2.4","012.5","2428","Weather Station","allpress"
"15-12-22","09:00:01","-6.3","100","0","112.24","8.58","11.5","2.3","013.7","2428","Weather Station","allpress"
"15-12-22","10:00:01","-4.2","95.2","0","231.8","6.5","10","2.2","013.7","2428","Weather Station","allpress"
"15-12-22","11:00:01","-2","90.2","0","317.2","11.35","11.5","2.2","013.7","2428","Weather Station","allpress"
"15-12-22","12:00:01","-0.7","88.2","0","309.88","14.15","14","2.1","013.7","2428","Weather Station","allpress"
"15-12-22","13:00:01","0.9","88.7","0","202.52","13.6","15","2.1","013.7","2428","Weather Station","allpress"
"15-12-22","14:00:01","1.4","86.9","0","141.52","13.7","20","2.1","013.7","2428","Weather Station","allpress"
"15-12-22","15:00:01","0.6","90.1","0","63.44","10.98","6.5","2.1","013.4","2428","Weather Station","allpress"
"15-12-22","16:00:01","-0.7","99.5","0","0","11.75","7.5","2","013.1","2428","Weather Station","allpress"
"15-12-22","17:00:01","-1.1","100","0","0","16.65","8.25","2","013.1","2428","Weather Station","allpress"
"15-12-22","18:00:01","-1.2","100","0","0","18.43","9","2","013.1","2428","Weather Station","allpress"
"15-12-22","19:00:01","-2","100","0","0","17.3","10","2.1","013.1","2428","Weather Station","allpress"
"15-12-22","20:00:01","-2.5","100","0","0","12.03","6.5","2.1","013.0","2428","Weather Station","allpress"
"15-12-22","21:00:01","-2.4","100","0","0","16.98","9","2.1","013.0","2428","Weather Station","allpress"
"15-12-22","22:00:01","-2.9","100","0","0","17.85","16.5","2.1","013.0","2428","Weather Station","allpress"
"15-12-22","23:00:01","-3.7","100","0","0","14.53","10","2.1","013.0","2428","Weather Station","allpress"
"16-12-22","00:00:01","-3.1","100","0","0","10.7","8.25","2.2","013.0","2428","Weather Station","allpress"
"16-12-22","01:00:01","-3.7","100","0","0","15.48","9","2.2","012.9","2428","Weather Station","allpress"
"16-12-22","02:00:01","-4.1","100","0","0","16.73","20","2.2","012.9","2428","Weather Station","allpress"
"16-12-22","03:00:01","-4.5","100","0","0","11.48","12.5","2.2","012.9","2428","Weather Station","allpress"
"16-12-22","04:00:01","-5.3","100","0","0","2.73","7.5","2.2","012.9","2428","Weather Station","allpress"
"16-12-22","05:00:01","-5","100","0","0","14.5","12.5","2.2","012.9","2428","Weather Station","allpress"
"16-12-22","06:00:01","-5.5","100","0","0","14.83","17.5","2.2","012.9","2428","Weather Station","allpress"
"16-12-22","07:00:01","-5.9","100","0","0","19.95","17.5","2.1","012.8","2428","Weather Station","allpress"
"16-12-22","08:00:01","-5.7","100","0","2.44","15.55","17.5","2.1","012.8","2428","Weather Station","allpress"
"16-12-22","09:00:01","-4.3","100","0","104.92","6.05","5","2.1","013.7","2428","Weather Station","allpress"
"16-12-22","10:00:02","-3.6","100","0","214.72","2.18","7.5","2.1","013.7","2428","Weather Station","allpress"
"16-12-22","11:00:01","-1.8","99.1","0","322.08","6.8","5","2.1","013.7","2428","Weather Station","allpress"
"16-12-22","12:00:01","-1.1","97.3","0","361.12","10.68","5","2.1","013.7","2428","Weather Station","allpress"
"16-12-22","13:00:01","-0.1","95.2","0","212.28","11.15","5","2","013.7","2428","Weather Station","allpress"
"16-12-22","14:00:01","-0.6","95.2","0","117.12","10.7","5","2","013.6","2428","Weather Station","allpress"
"16-12-22","15:00:02","-0.5","96.7","0","73.2","13.9","19","2","013.5","2428","Weather Station","allpress"
"16-12-22","16:00:02","-2.6","100","0","0","9","10","2.1","013.2","2428","Weather Station","allpress"
"16-12-22","17:00:01","-4.3","100","0","0","0","0","2.1","013.1","2428","Weather Station","allpress"
"16-12-22","18:00:01","-5.2","100","0","0","0","0","2.1","013.1","2428","Weather Station","allpress"
"16-12-22","19:00:01","-5.6","100","0","0","0","0","2.1","013.0","2428","Weather Station","allpress"
"16-12-22","20:00:02","-6.2","100","0","0","1.73","7.5","2","013.0","2428","Weather Station","allpress"
"16-12-22","21:00:02","-6.1","100","0","0","3.58","8.25","2","013.0","2428","Weather Station","allpress"
"16-12-22","22:00:01","-6.4","100","0","0","1.33","5","1.9","013.0","2428","Weather Station","allpress"
"16-12-22","23:00:01","-6.2","100","0","0","5.58","8.25","1.9","012.9","2428","Weather Station","allpress"
"17-12-22","00:00:01","-5.7","100","0","0","6.25","10.75","1.8","012.9","2428","Weather Station","allpress"
"17-12-22","01:00:01","-5.5","100","0","0","4.2","7.5","1.8","012.9","2428","Weather Station","allpress"
"17-12-22","02:00:01","-6.9","100","0","0","2.73","9","1.7","012.9","2428","Weather Station","allpress"
"17-12-22","03:00:01","-7.1","100","0","0","2.1","9","1.7","012.9","2428","Weather Station","allpress"
"17-12-22","04:00:01","-7.2","100","0","0","1.7","9","1.7","012.8","2428","Weather Station","allpress"
"17-12-22","05:00:01","-4.9","100","0","0","8.35","21.5","1.7","012.8","2428","Weather Station","allpress"
"17-12-22","06:00:01","-5.3","100","0","0","17.75","15.75","1.6","012.8","2428","Weather Station","allpress"
"17-12-22","07:00:01","-5.6","100","0","0","7.48","15","1.6","012.8","2428","Weather Station","allpress"
"17-12-22","08:00:01","-5.3","100","0","2.44","4.28","10","1.5","012.8","2428","Weather Station","allpress"
"17-12-22","09:00:01","-3.1","100","0","80.52","8.95","10.75","1.5","013.7","2428","Weather Station","allpress"
"17-12-22","10:00:01","-1.5","100","0","163.48","13.7","11.5","1.5","013.7","2428","Weather Station","allpress"
"17-12-22","11:00:01","-0.5","100","0","273.28","16.95","11.5","1.5","013.7","2428","Weather Station","allpress"
"17-12-22","12:00:02","0.2","98.7","0","236.68","24.6","26.5","1.5","013.7","2428","Weather Station","allpress"
"17-12-22","13:00:02","1.6","95.4","1","226.92","26.78","31.5","1.5","013.7","2428","Weather Station","allpress"
"17-12-22","14:00:02","1.1","98.4","0","97.6","21.03","23.25","1.4","013.4","2428","Weather Station","allpress"
"17-12-22","15:00:01","1.3","99.3","0","51.24","19.55","14","1.4","013.2","2428","Weather Station","allpress"
"17-12-22","16:00:01","0.3","100","0","0","21.9","23.25","1.5","013.1","2428","Weather Station","allpress"
"17-12-22","17:00:01","0.1","100","0","0","13.23","10.75","1.5","013.1","2428","Weather Station","allpress"
"17-12-22","18:00:01","-0.1","100","0","0","17.95","15","1.5","013.1","2428","Weather Station","allpress"
"17-12-22","19:00:01","0","100","0","0","30","28.25","1.5","013.0","2428","Weather Station","allpress"
"17-12-22","20:00:01","-1.2","100","0","0","17.8","22.5","1.5","013.0","2428","Weather Station","allpress"
"17-12-22","21:00:01","-2.2","100","0","0","9.68","11.5","1.5","013.0","2428","Weather Station","allpress"
"17-12-22","22:00:01","-3.4","100","0","0","8.48","10.75","1.6","013.0","2428","Weather Station","allpress"
"17-12-22","23:00:01","-4.6","100","0","0","2.15","5","1.6","012.9","2428","Weather Station","allpress"
"18-12-22","00:00:01","-5.7","100","0","0","4.55","10.75","1.6","012.9","2428","Weather Station","allpress"
"18-12-22","01:00:01","-5","100","0","0","0.85","5","1.6","012.9","2428","Weather Station","allpress"
"18-12-22","02:00:01","-3.5","100","0","0","16.18","17.5","1.6","012.9","2428","Weather Station","allpress"
"18-12-22","03:00:02","-5.4","100","0","0","11.85","11.5","1.6","012.8","2428","Weather Station","allpress"
"18-12-22","04:00:02","-5.2","100","0","0","2.4","5.75","1.6","012.8","2428","Weather Station","allpress"
"18-12-22","05:00:01","-4.6","100","0","0","2.48","9","1.6","012.8","2428","Weather Station","allpress"
"18-12-22","06:00:01","-3.4","100","0","0","13.85","16.5","1.6","012.8","2428","Weather Station","allpress"
"18-12-22","07:00:01","-2.9","100","0","0","8.2","5","1.6","012.8","2428","Weather Station","allpress"
"18-12-22","08:00:02","-1.6","100","0","0","11.4","21.5","1.6","012.8","2428","Weather Station","allpress"
"18-12-22","09:00:01","-1.4","100","0","19.52","18.23","19","1.6","012.8","2428","Weather Station","allpress"
"18-12-22","10:00:01","-0.7","100","0","56.12","12.68","9","1.6","012.9","2428","Weather Station","allpress"
"18-12-22","11:00:01","-0.1","98","0","141.52","13.85","16.5","1.6","013.0","2428","Weather Station","allpress"
"18-12-22","12:00:01","0.1","96.5","0","63.44","19.53","21.5","1.6","013.0","2428","Weather Station","allpress"
"18-12-22","13:00:01","0.3","98","0","92.72","24.1","15.75","1.6","012.9","2428","Weather Station","allpress"
"18-12-22","14:00:01","0.3","100","0","36.6","24.43","13.25","1.6","012.9","2428","Weather Station","allpress"
"18-12-22","15:00:01","0.2","100","0","7.32","27.28","29","1.6","012.8","2428","Weather Station","allpress"
"18-12-22","16:00:01","0.4","100","2","0","26.2","30","1.6","012.8","2428","Weather Station","allpress"
"18-12-22","17:00:01","0.8","100","1","0","35.08","26.5","1.6","012.8","2428","Weather Station","allpress"
"18-12-22","18:00:01","1.6","100","2","0","34.05","32.5","1.7","012.8","2428","Weather Station","allpress"
"18-12-22","19:00:01","2.2","100","1","0","33.2","19","1.7","012.8","2428","Weather Station","allpress"
"18-12-22","20:00:01","2.7","100","0","0","35.78","19","1.7","012.8","2428","Weather Station","allpress"
"18-12-22","21:00:01","3.1","100","0","0","37.03","17.5","1.7","012.8","2428","Weather Station","allpress"
"18-12-22","22:00:01","3.9","100","1","0","33.55","16.5","1.8","012.8","2428","Weather Station","allpress"
"18-12-22","23:00:01","5","100","0","0","28.15","15.75","2","012.8","2428","Weather Station","allpress"
"19-12-22","00:00:01","5.9","100","0","0","32.15","40","2.1","012.8","2428","Weather Station","allpress"
"19-12-22","01:00:01","6.9","100","0","0","29.15","14","2.3","012.8","2428","Weather Station","allpress"
"19-12-22","02:00:01","7.3","100","0","0","35.33","39","2.5","012.8","2428","Weather Station","allpress"
"19-12-22","03:00:02","8.4","100","0","0","28.93","15","2.7","012.8","2428","Weather Station","allpress"
"19-12-22","04:00:02","9.6","100","0","0","41.3","40","2.8","012.8","2428","Weather Station","allpress"
"19-12-22","05:00:01","10.7","100","0","0","36.83","36.5","3.1","012.8","2428","Weather Station","allpress"
"19-12-22","06:00:01","10.9","100","0","0","40.85","59","3.3","012.8","2428","Weather Station","allpress"
"19-12-22","07:00:01","10.8","100","0","0","33.78","58.25","3.6","012.7","2428","Weather Station","allpress"
"19-12-22","08:00:01","11.1","100","0","0","31.25","21.5","3.7","012.7","2428","Weather Station","allpress"
"19-12-22","09:00:01","11.5","100","0","17.08","34.58","17.5","4","012.7","2428","Weather Station","allpress"
"19-12-22","10:00:01","11.8","100","0","36.6","33.48","18.25","4.2","012.7","2428","Weather Station","allpress"
"19-12-22","11:00:01","12.4","98","0","109.8","33.78","35","4.4","012.8","2428","Weather Station","allpress"
"19-12-22","12:00:01","12.4","95.6","0","143.96","50.75","42.5","4.5","012.9","2428","Weather Station","allpress"
"19-12-22","13:00:01","12.4","94.6","0","68.32","48.8","50","4.7","012.9","2428","Weather Station","allpress"
"19-12-22","14:00:01","12.3","95.8","0","34.16","44.15","22.5","5","012.8","2428","Weather Station","allpress"
"19-12-22","15:00:01","12.3","96","0","36.6","40.85","20","5.1","012.8","2428","Weather Station","allpress"
"19-12-22","16:00:01","12.1","97","0","0","39.23","20.75","5.2","012.7","2428","Weather Station","allpress"
"19-12-22","17:00:01","12.3","96.3","0","0","34.43","18.25","5.4","012.7","2428","Weather Station","allpress"
"19-12-22","18:00:01","12.4","96.3","0","0","33.05","19","5.5","012.7","2428","Weather Station","allpress"
"19-12-22","19:00:02","12.4","97.9","0","0","29.08","27.5","5.6","012.7","2428","Weather Station","allpress"
"19-12-22","20:00:02","12.4","98.5","0","0","33.5","15.75","5.8","012.7","2428","Weather Station","allpress"
"19-12-22","21:00:01","12.4","98.6","0","0","35.7","15.75","5.9","012.7","2428","Weather Station","allpress"
"19-12-22","22:00:01","12.3","100","0","0","42.78","36.5","5.9","012.7","2428","Weather Station","allpress"
"19-12-22","23:00:01","12.6","98","0","0","47.23","42.5","6","012.7","2428","Weather Station","allpress"
"20-12-22","00:00:01","12.6","96.5","0","0","39.23","19","6.2","012.7","2428","Weather Station","allpress"
"20-12-22","01:00:01","12.3","99.5","0","0","42.5","40","6.2","012.7","2428","Weather Station","allpress"
"20-12-22","02:00:01","12.1","98","0","0","39","39","6.4","012.7","2428","Weather Station","allpress"
"20-12-22","03:00:01","11.9","100","0","0","38.3","45","6.4","012.7","2428","Weather Station","allpress"
"20-12-22","04:00:01","11.9","100","0","0","35.5","27.5","6.5","012.7","2428","Weather Station","allpress"
"20-12-22","05:00:01","12.1","100","0","0","31.08","17.5","6.6","012.7","2428","Weather Station","allpress"
"20-12-22","06:00:01","11.9","100","1","0","41.25","35.75","6.6","012.7","2428","Weather Station","allpress"
"20-12-22","07:00:01","7.8","100","1","0","26.23","17.5","6.7","012.7","2428","Weather Station","allpress"
"20-12-22","08:00:01","6.7","100","0","2.44","11.55","14","6.7","012.7","2428","Weather Station","allpress"
"20-12-22","09:00:01","6.7","100","0","73.2","11.83","17.5","6.7","012.8","2428","Weather Station","allpress"
"20-12-22","10:00:01","8","100","0","224.48","18.55","14","6.6","013.7","2428","Weather Station","allpress"
"20-12-22","11:00:01","9.5","94","0","265.96","22.7","25","6.6","013.7","2428","Weather Station","allpress"
"20-12-22","12:00:01","9.3","91.3","0","261.08","24.48","12.5","6.6","013.7","2428","Weather Station","allpress"
"20-12-22","13:00:01","10","88.5","0","214.72","23.23","12.5","6.5","013.7","2428","Weather Station","allpress"
"20-12-22","14:00:01","9.7","85.1","0","151.28","22.6","11.5","6.5","013.7","2428","Weather Station","allpress"
"20-12-22","15:00:02","8.5","89.8","0","70.76","20.33","15","6.5","013.4","2428","Weather Station","allpress"
"20-12-22","16:00:02","5.6","100","0","0","10.08","18.25","6.5","013.2","2428","Weather Station","allpress"
"20-12-22","17:00:01","4.6","100","0","0","5.7","12.5","6.4","013.1","2428","Weather Station","allpress"
"20-12-22","18:00:01","4.4","100","0","0","12.85","16.5","6.3","013.1","2428","Weather Station","allpress"
"20-12-22","19:00:01","3.7","100","0","0","5.23","6.5","6.2","013.1","2428","Weather Station","allpress"
"20-12-22","20:00:01","3.1","100","0","0","1.33","9","6.1","013.1","2428","Weather Station","allpress"
"20-12-22","21:00:01","2","100","0","0","3.4","12.5","5.9","013.1","2428","Weather Station","allpress"
"20-12-22","22:00:01","2.1","100","0","0","6.68","17.5","5.9","013.0","2428","Weather Station","allpress"
"20-12-22","23:00:01","2.8","100","0","0","7.45","15","5.7","013.0","2428","Weather Station","allpress"
"21-12-22","00:00:01","3","100","0","0","10.65","7.5","5.6","013.0","2428","Weather Station","allpress"
"21-12-22","01:00:01","3.6","100","0","0","13.65","7.5","5.5","013.0","2428","Weather Station","allpress"
"21-12-22","02:00:01","3.6","100","0","0","11.93","9","5.5","013.0","2428","Weather Station","allpress"
"21-12-22","03:00:01","5","100","0","0","17.45","10","5.4","013.0","2428","Weather Station","allpress"
"21-12-22","04:00:01","5.4","100","0","0","18.18","12.5","5.4","013.0","2428","Weather Station","allpress"
"21-12-22","05:00:01","5.9","100","0","0","22.25","11.5","5.4","013.0","2428","Weather Station","allpress"
"21-12-22","06:00:01","5.9","100","0","0","24.35","14","5.4","013.0","2428","Weather Station","allpress"
"21-12-22","07:00:01","6.2","100","0","0","25.55","13.25","5.4","013.0","2428","Weather Station","allpress"
"21-12-22","08:00:01","6.5","100","0","0","27.1","13.25","5.4","013.0","2428","Weather Station","allpress"
"21-12-22","09:00:01","5","100","2","29.28","23.15","19","5.5","013.0","2428","Weather Station","allpress"
"21-12-22","10:00:01","4.8","100","1","46.36","13.8","17.5","5.5","013.0","2428","Weather Station","allpress"
"21-12-22","11:00:01","6.1","100","0","131.76","20.73","22.5","5.5","013.1","2428","Weather Station","allpress"
"21-12-22","12:00:01","6.9","100","0","95.16","20.28","13.25","5.5","013.1","2428","Weather Station","allpress"
"21-12-22","13:00:01","7.2","100","0","102.48","8.65","6.5","5.6","013.1","2428","Weather Station","allpress"
"21-12-22","14:00:01","7.7","100","0","41.48","9.73","11.5","5.7","013.0","2428","Weather Station","allpress"
"21-12-22","15:00:01","7.3","98.6","0","82.96","14.65","9","5.7","013.3","2428","Weather Station","allpress"
"21-12-22","16:00:01","4.7","100","0","0","10.25","13.25","5.8","013.0","2428","Weather Station","allpress"
"21-12-22","17:00:01","3.5","100","0","0","7.4","11.5","5.8","013.0","2428","Weather Station","allpress"
"21-12-22","18:00:01","2.5","100","0","0","4.58","4","5.7","012.9","2428","Weather Station","allpress"
"21-12-22","19:00:01","1.9","100","0","0","0.08","1.5","5.7","012.9","2428","Weather Station","allpress"
"21-12-22","20:00:01","1.6","100","0","0","0.8","7.5","5.5","012.9","2428","Weather Station","allpress"
"21-12-22","21:00:01","1","100","0","0","0","0","5.4","012.9","2428","Weather Station","allpress"
"21-12-22","22:00:02","0.8","100","0","0","0.95","7.5","5.3","012.9","2428","Weather Station","allpress"
"21-12-22","23:00:02","1.2","100","0","0","1.25","5","5.2","012.9","2428","Weather Station","allpress"
"22-12-22","00:00:01","1.4","100","0","0","0.03","2.5","5.2","012.9","2428","Weather Station","allpress"
"22-12-22","01:00:01","1","100","0","0","0.08","3.25","5.1","012.9","2428","Weather Station","allpress"
"22-12-22","02:00:01","1.6","100","1","0","0.1","3.25","5","012.9","2428","Weather Station","allpress"
"22-12-22","03:00:01","0.4","100","0","0","0","0","4.9","012.9","2428","Weather Station","allpress"
"22-12-22","04:00:01","1.4","100","0","0","3.65","7.5","4.8","012.9","2428","Weather Station","allpress"
"22-12-22","05:00:01","1.6","100","0","0","17.58","17.5","4.8","012.9","2428","Weather Station","allpress"
"22-12-22","06:00:01","2.5","100","0","0","18.48","26.5","4.7","012.9","2428","Weather Station","allpress"
"22-12-22","07:00:01","3.1","100","0","0","14.18","8.25","4.7","012.9","2428","Weather Station","allpress"
"22-12-22","08:00:01","3.7","100","0","0","15.58","13.25","4.7","012.9","2428","Weather Station","allpress"
"22-12-22","09:00:01","3.6","100","0","26.84","13.83","9","4.7","012.9","2428","Weather Station","allpress"
"22-12-22","10:00:01","4.6","100","0","112.24","15.35","24","4.8","013.0","2428","Weather Station","allpress"
"22-12-22","11:00:01","5.7","100","0","107.36","13.68","8.25","4.8","013.0","2428","Weather Station","allpress"
"22-12-22","12:00:01","6.5","100","0","122","10.65","7.5","4.9","013.1","2428","Weather Station","allpress"
"22-12-22","13:00:01","7.1","100","0","122","10.98","6.5","5","013.0","2428","Weather Station","allpress"
"22-12-22","14:00:01","7.7","100","0","92.72","10.93","8.25","5.1","013.0","2428","Weather Station","allpress"
"22-12-22","15:00:01","7.8","100","0","36.6","2.25","6.5","5.2","012.9","2428","Weather Station","allpress"
"22-12-22","16:00:01","7.8","100","0","0","0","0","5.3","012.9","2428","Weather Station","allpress"
"22-12-22","17:00:01","7.3","100","0","0","0","0","5.4","012.9","2428","Weather Station","allpress"
"22-12-22","18:00:01","7.2","100","1","0","0","0","5.5","012.9","2428","Weather Station","allpress"
"22-12-22","19:00:01","7.8","100","0","0","0","2.5","5.5","012.9","2428","Weather Station","allpress"
"22-12-22","20:00:01","7.8","100","0","0","0.28","4","5.6","012.9","2428","Weather Station","allpress"
"22-12-22","21:00:01","6.6","100","0","0","2.25","5.75","5.6","012.8","2428","Weather Station","allpress"
"22-12-22","22:00:01","6.3","100","0","0","5.95","18.25","5.7","012.8","2428","Weather Station","allpress"
"22-12-22","23:00:01","5.8","100","0","0","21.7","20","5.8","012.8","2428","Weather Station","allpress"
"23-12-22","00:00:01","5.5","100","0","0","5.35","15.75","5.8","012.8","2428","Weather Station","allpress"
"23-12-22","01:00:01","5.3","100","0","0","3.35","12.5","5.8","012.8","2428","Weather Station","allpress"
"23-12-22","02:00:01","5.2","100","0","0","9.05","22.5","5.8","012.8","2428","Weather Station","allpress"
"23-12-22","03:00:01","4.8","100","0","0","6.15","13.25","5.8","012.8","2428","Weather Station","allpress"
"23-12-22","04:00:01","4.5","100","0","0","0.45","12.5","5.9","012.8","2428","Weather Station","allpress"
"23-12-22","05:00:01","4.3","100","0","0","0","0","5.9","012.8","2428","Weather Station","allpress"
"23-12-22","06:00:01","4.1","100","0","0","3.65","12.5","5.9","012.8","2428","Weather Station","allpress"
"23-12-22","07:00:01","4.2","100","0","0","7.9","10","5.9","012.7","2428","Weather Station","allpress"
"23-12-22","08:00:01","4.4","100","0","0","31.28","30.75","5.8","012.7","2428","Weather Station","allpress"
"23-12-22","09:00:01","4.7","100","1","9.76","26.58","32.5","5.8","012.7","2428","Weather Station","allpress"
"23-12-22","10:00:01","5.1","100","1","29.28","28.7","35.75","5.8","012.7","2428","Weather Station","allpress"
"23-12-22","11:00:01","5.5","100","3","173.24","29.15","12.5","5.8","012.9","2428","Weather Station","allpress"
"23-12-22","12:00:01","6.1","100","0","82.96","31.2","27.5","5.8","012.9","2428","Weather Station","allpress"
"23-12-22","13:00:01","6.6","100","1","107.36","13.83","8.25","5.8","012.8","2428","Weather Station","allpress"
"23-12-22","14:00:02","6.8","100","2","53.68","10.78","15.75","5.9","012.8","2428","Weather Station","allpress"
"23-12-22","15:00:01","6.8","100","0","46.36","5.73","10","5.9","012.8","2428","Weather Station","allpress"
"23-12-22","16:00:01","6.9","100","0","0","0.35","4","5.9","012.7","2428","Weather Station","allpress"
"23-12-22","17:00:01","6.7","100","0","0","0.33","3.25","5.9","012.7","2428","Weather Station","allpress"
"23-12-22","18:00:01","7.3","100","1","0","7.4","10","6","012.7","2428","Weather Station","allpress"
"23-12-22","19:00:01","7.9","100","0","0","22.43","15","6","012.7","2428","Weather Station","allpress"
"23-12-22","20:00:01","7.3","100","0","0","26.78","30","6.1","012.7","2428","Weather Station","allpress"
"23-12-22","21:00:01","6.9","100","0","0","30.25","28.25","6.1","012.7","2428","Weather Station","allpress"
"23-12-22","22:00:01","6.3","100","0","0","25.23","29","6.1","012.7","2428","Weather Station","allpress"
"23-12-22","23:00:01","6.7","100","0","0","33.5","35","6.1","012.7","2428","Weather Station","allpress"
"24-12-22","00:00:01","6.4","100","0","0","25.33","35.75","6.1","012.7","2428","Weather Station","allpress"
"24-12-22","01:00:01","6.9","100","0","0","21.18","11.5","6.1","012.7","2428","Weather Station","allpress"
"24-12-22","02:00:01","7.2","100","0","0","24.1","16.5","6.1","012.7","2428","Weather Station","allpress"
"24-12-22","03:00:01","6.4","100","0","0","20.65","21.5","6.1","012.7","2428","Weather Station","allpress"
"24-12-22","04:00:01","6.7","100","0","0","17.8","10","6.1","012.7","2428","Weather Station","allpress"
"24-12-22","05:00:02","6.2","100","0","0","19.48","15","6.1","012.7","2428","Weather Station","allpress"
"24-12-22","06:00:02","5.7","100","0","0","21.55","11.5","6.1","012.6","2428","Weather Station","allpress"
"24-12-22","07:00:01","5.3","100","0","0","26.35","29","6","012.6","2428","Weather Station","allpress"
"24-12-22","08:00:01","4.6","100","0","0","19.28","13.25","6","012.6","2428","Weather Station","allpress"
"24-12-22","09:00:01","4.9","100","0","70.76","12.98","7.5","6","013.0","2428","Weather Station","allpress"
"24-12-22","10:00:01","7.3","100","0","278.16","17.53","23.25","5.9","013.7","2428","Weather Station","allpress"
"24-12-22","11:00:01","7.5","99.6","0","231.8","18.3","13.25","5.9","013.6","2428","Weather Station","allpress"
"24-12-22","12:00:01","8","97.3","0","231.8","21.03","34","5.9","013.6","2428","Weather Station","allpress"
"24-12-22","13:00:01","7.7","98.7","0","185.44","14.83","9","6","013.7","2428","Weather Station","allpress"
"24-12-22","14:00:01","7.8","96.3","0","131.76","14.6","7.5","6","013.7","2428","Weather Station","allpress"
"24-12-22","15:00:01","7","100","0","63.44","17.25","9","6.1","013.3","2428","Weather Station","allpress"
"24-12-22","16:00:01","5.8","100","0","2.44","11.03","7.5","6.1","013.1","2428","Weather Station","allpress"
"24-12-22","17:00:01","4","100","0","0","2.58","8.25","6.1","013.1","2428","Weather Station","allpress"
"24-12-22","18:00:01","5.1","100","0","0","2.05","5.75","6.1","013.1","2428","Weather Station","allpress"
"24-12-22","19:00:01","6.9","100","0","0","18.7","12.5","6","013.1","2428","Weather Station","allpress"
"24-12-22","20:00:01","7.1","100","0","0","26.05","13.25","6","013.1","2428","Weather Station","allpress"
"24-12-22","21:00:01","7.6","100","0","0","26.85","13.25","6","013.0","2428","Weather Station","allpress"
"24-12-22","22:00:01","8","100","0","0","23.45","12.5","6","013.0","2428","Weather Station","allpress"
"24-12-22","23:00:01","8","100","0","0","24.4","25","6.1","013.0","2428","Weather Station","allpress"
"25-12-22","00:00:01","8","100","0","0","19.03","30.75","6.1","013.0","2428","Weather Station","allpress"
"25-12-22","01:00:01","8.6","100","0","0","24.43","11.5","6.2","013.0","2428","Weather Station","allpress"
"25-12-22","02:00:01","7.6","100","0","0","17.73","9","6.2","013.0","2428","Weather Station","allpress"
"25-12-22","03:00:01","6.8","100","0","0","12.9","14","6.3","013.0","2428","Weather Station","allpress"
"25-12-22","04:00:01","8.1","100","0","0","22.7","13.25","6.3","013.0","2428","Weather Station","allpress"
"25-12-22","05:00:01","8.3","100","0","0","32.25","25.75","6.3","013.0","2428","Weather Station","allpress"
"25-12-22","06:00:01","8","100","0","0","23.33","12.5","6.3","012.9","2428","Weather Station","allpress"
"25-12-22","07:00:01","8.1","100","0","0","23.53","11.5","6.4","012.9","2428","Weather Station","allpress"
"25-12-22","08:00:01","8.3","100","0","0","24.98","12.5","6.4","012.9","2428","Weather Station","allpress"
"25-12-22","09:00:01","8","100","0","39.04","21.28","12.5","6.5","012.9","2428","Weather Station","allpress"
"25-12-22","10:00:01","8.4","100","0","112.24","17.35","10.75","6.5","013.1","2428","Weather Station","allpress"
"25-12-22","11:00:01","9","100","0","129.32","20.75","10","6.5","013.1","2428","Weather Station","allpress"
"25-12-22","12:00:01","9.3","100","0","178.12","15.78","8.25","6.6","013.2","2428","Weather Station","allpress"
"25-12-22","13:00:01","9.8","100","0","131.76","20.35","11.5","6.6","013.2","2428","Weather Station","allpress"
"25-12-22","14:00:01","9.8","100","0","129.32","21.4","20","6.6","013.2","2428","Weather Station","allpress"
"25-12-22","15:00:01","9.7","99.8","0","24.4","21.53","10.75","6.7","013.1","2428","Weather Station","allpress"
"25-12-22","16:00:01","9.5","100","0","0","20.33","17.5","6.8","013.0","2428","Weather Station","allpress"
"25-12-22","17:00:01","8.6","100","1","0","17.43","12.5","6.8","013.0","2428","Weather Station","allpress"
"25-12-22","18:00:01","8.2","100","2","0","18.9","18.25","6.8","012.9","2428","Weather Station","allpress"
"25-12-22","19:00:01","7.5","100","0","0","14.05","13.25","6.9","012.9","2428","Weather Station","allpress"
"25-12-22","20:00:01","7.4","100","0","0","15.78","14","6.9","012.9","2428","Weather Station","allpress"
"25-12-22","21:00:01","7.7","100","0","0","18.45","16.5","6.9","012.9","2428","Weather Station","allpress"
"25-12-22","22:00:01","7.3","100","0","0","27.03","24","6.9","012.9","2428","Weather Station","allpress"
"25-12-22","23:00:01","7","100","0","0","25.78","24","6.9","012.9","2428","Weather Station","allpress"
"26-12-22","00:00:01","6.8","100","0","0","24.75","25.75","6.9","012.9","2428","Weather Station","allpress"
"26-12-22","01:00:01","7.1","100","0","0","24.83","16.5","6.8","012.9","2428","Weather Station","allpress"
"26-12-22","02:00:01","7.2","100","0","0","27.1","23.25","6.8","012.8","2428","Weather Station","allpress"
"26-12-22","03:00:01","8.5","96.5","0","0","36.23","38.25","6.8","012.8","2428","Weather Station","allpress"
"26-12-22","04:00:01","5.9","93","0","0","45.18","31.5","6.8","012.8","2428","Weather Station","allpress"
"26-12-22","05:00:01","3.3","88.4","0","0","45.1","50","6.8","012.8","2428","Weather Station","allpress"
"26-12-22","06:00:01","2.4","92.6","0","0","36.1","34","6.7","012.8","2428","Weather Station","allpress"
"26-12-22","07:00:01","1.3","92.5","0","0","22.85","25","6.6","012.8","2428","Weather Station","allpress"
"26-12-22","08:00:01","1.3","95.6","0","0","18.98","18.25","6.4","012.8","2428","Weather Station","allpress"
"26-12-22","09:00:01","2.3","98","0","92.72","21.43","20","6.3","013.7","2428","Weather Station","allpress"
"26-12-22","10:00:01","4","85","0","202.52","21.5","20","6.1","013.7","2428","Weather Station","allpress"
"26-12-22","11:00:01","5.2","79.7","0","253.76","22.9","15.75","6","013.7","2428","Weather Station","allpress"
"26-12-22","12:00:01","5.7","79.8","0","175.68","27.28","27.5","5.9","013.7","2428","Weather Station","allpress"
"26-12-22","13:00:01","6.5","79","0","209.84","28.43","15.75","5.9","013.7","2428","Weather Station","allpress"
"26-12-22","14:00:01","6.6","77.3","0","146.4","30.83","20.75","5.9","013.7","2428","Weather Station","allpress"
"26-12-22","15:00:01","5.8","80.9","0","70.76","27.6","30","5.9","013.5","2428","Weather Station","allpress"
"26-12-22","16:00:01","3.6","90.8","0","0","15.8","19","5.9","013.2","2428","Weather Station","allpress"
"26-12-22","17:00:01","3.5","94.3","0","0","21.73","20","5.9","013.1","2428","Weather Station","allpress"
"26-12-22","18:00:01","3.3","98.6","0","0","20.53","10.75","5.8","013.1","2428","Weather Station","allpress"
"26-12-22","19:00:01","2.7","99.1","0","0","22.45","10.75","5.8","013.1","2428","Weather Station","allpress"
"26-12-22","20:00:01","2.4","98.5","0","0","24.43","12.5","5.7","013.0","2428","Weather Station","allpress"
"26-12-22","21:00:01","2.4","99.2","0","0","23.9","12.5","5.7","013.0","2428","Weather Station","allpress"
"26-12-22","22:00:01","2.1","100","0","0","22.65","15.75","5.6","013.0","2428","Weather Station","allpress"
"26-12-22","23:00:01","2","100","0","0","25.6","13.25","5.5","013.0","2428","Weather Station","allpress"
"27-12-22","00:00:01","1.9","100","0","0","30.25","36.5","5.5","013.0","2428","Weather Station","allpress"
"27-12-22","01:00:01","1.7","100","0","0","33.95","31.5","5.4","013.0","2428","Weather Station","allpress"
"27-12-22","02:00:01","1.6","100","0","0","24.53","22.5","5.3","013.0","2428","Weather Station","allpress"
"27-12-22","03:00:01","1.2","100","0","0","20.43","10.75","5.3","012.9","2428","Weather Station","allpress"
"27-12-22","04:00:01","0.9","100","0","0","16.98","9","5.2","012.9","2428","Weather Station","allpress"
"27-12-22","05:00:01","0.5","100","0","0","12.58","13.25","5.2","012.9","2428","Weather Station","allpress"
"27-12-22","06:00:01","0.2","100","0","0","6.68","9","5.2","012.9","2428","Weather Station","allpress"
"27-12-22","07:00:01","0.8","100","0","0","12.73","7.5","5.1","012.9","2428","Weather Station","allpress"
"27-12-22","08:00:01","1.1","100","0","0","11.18","7.5","5.1","012.9","2428","Weather Station","allpress"
"27-12-22","09:00:01","1.8","100","0","46.36","17.75","11.5","5","013.1","2428","Weather Station","allpress"
"27-12-22","10:00:01","3","100","0","122","17.45","8.25","5","013.0","2428","Weather Station","allpress"
"27-12-22","11:00:01","5","100","0","168.36","18.73","9","5","013.3","2428","Weather Station","allpress"
"27-12-22","12:00:01","7.5","91.7","0","253.76","23","20","5.1","013.7","2428","Weather Station","allpress"
"27-12-22","13:00:01","7.2","96.7","0","90.28","25.65","20.75","5.2","013.2","2428","Weather Station","allpress"
"27-12-22","14:00:01","8","93.9","0","87.84","28.2","21.5","5.2","013.1","2428","Weather Station","allpress"
"27-12-22","15:00:01","8.3","94","0","43.92","34.55","33.25","5.3","013.1","2428","Weather Station","allpress"
"27-12-22","16:00:01","8","94.3","0","0","34.35","15.75","5.4","013.1","2428","Weather Station","allpress"
"27-12-22","17:00:01","7.8","99","0","0","31.7","20","5.5","013.0","2428","Weather Station","allpress"
"27-12-22","18:00:01","7.4","97.9","0","0","44.2","20.75","5.6","013.0","2428","Weather Station","allpress"
"27-12-22","19:00:01","7.1","100","1","0","48.3","25","5.7","013.0","2428","Weather Station","allpress"
"27-12-22","20:00:01","7.1","100","0","0","47.65","24","5.8","012.9","2428","Weather Station","allpress"
"27-12-22","21:00:01","7.3","100","1","0","44.18","21.5","5.9","012.9","2428","Weather Station","allpress"
"27-12-22","22:00:01","8","98.6","0","0","47.83","21.5","5.9","012.9","2428","Weather Station","allpress"
"27-12-22","23:00:01","8.4","100","0","0","46.65","23.25","5.9","012.9","2428","Weather Station","allpress"
"28-12-22","00:00:01","8.9","100","0","0","41.95","34","6","012.9","2428","Weather Station","allpress"
"28-12-22","01:00:01","9.4","100","0","0","37.98","29","6.1","012.9","2428","Weather Station","allpress"
"28-12-22","02:00:01","8.8","100","0","0","34","17.5","6.2","012.9","2428","Weather Station","allpress"
"28-12-22","03:00:01","8","95.6","0","0","24.35","21.5","6.3","012.9","2428","Weather Station","allpress"
"28-12-22","04:00:01","7.8","100","0","0","19.08","20.75","6.3","012.9","2428","Weather Station","allpress"
"28-12-22","05:00:01","7.2","100","0","0","21.6","25","6.4","012.8","2428","Weather Station","allpress"
"28-12-22","06:00:01","7.5","100","0","0","17.73","12.5","6.4","012.8","2428","Weather Station","allpress"
"28-12-22","07:00:01","7.6","100","0","0","14.65","14","6.4","012.8","2428","Weather Station","allpress"
"28-12-22","08:00:01","7.8","100","0","0","15.15","8.25","6.4","012.8","2428","Weather Station","allpress"
"28-12-22","09:00:01","9.4","100","1","17.08","24.9","16.5","6.5","012.8","2428","Weather Station","allpress"
"28-12-22","10:00:01","9.6","100","0","51.24","29.5","17.5","6.5","012.8","2428","Weather Station","allpress"
"28-12-22","11:00:01","9.2","100","1","97.6","34.9","25","6.6","012.9","2428","Weather Station","allpress"
"28-12-22","12:00:01","9.2","100","0","122","39","28.25","6.6","012.9","2428","Weather Station","allpress"
"28-12-22","13:00:01","9.4","100","0","95.16","52.6","51.5","6.7","012.9","2428","Weather Station","allpress"
"28-12-22","14:00:01","9.5","100","0","53.68","48.05","48.25","6.8","012.9","2428","Weather Station","allpress"
"28-12-22","15:00:01","9.7","100","0","21.96","54.75","56.5","6.9","012.8","2428","Weather Station","allpress"
"28-12-22","16:00:01","9.8","100","0","0","39.98","20","6.9","012.8","2428","Weather Station","allpress"
"28-12-22","17:00:01","9.9","100","0","0","28.18","17.5","7","012.8","2428","Weather Station","allpress"
"28-12-22","18:00:01","10.6","96.4","0","0","28.85","31.5","7.1","012.8","2428","Weather Station","allpress"
"28-12-22","19:00:01","9.8","94.7","0","0","39.53","40","7.1","012.8","2428","Weather Station","allpress"
"28-12-22","20:00:01","9.4","91","0","0","30.75","17.5","7.2","012.8","2428","Weather Station","allpress"
"28-12-22","21:00:01","9.6","87.9","0","0","36.75","19","7.2","012.8","2428","Weather Station","allpress"
"28-12-22","22:00:01","8.9","89.6","0","0","37.53","20.75","7.2","012.8","2428","Weather Station","allpress"
"28-12-22","23:00:01","9","89.3","0","0","42.95","24","7.2","012.8","2428","Weather Station","allpress"
"29-12-22","00:00:01","8.5","88","0","0","41.08","21.5","7.1","012.8","2428","Weather Station","allpress"
"29-12-22","01:00:01","7.9","90.6","0","0","41.95","21.5","7.1","012.8","2428","Weather Station","allpress"
"29-12-22","02:00:01","7.9","85.2","0","0","45.9","42.5","7.1","012.7","2428","Weather Station","allpress"
"29-12-22","03:00:01","7.7","87.9","0","0","46.45","23.25","7","012.7","2428","Weather Station","allpress"
"29-12-22","04:00:01","8","85","0","0","47.08","40","7","012.7","2428","Weather Station","allpress"
"29-12-22","05:00:02","8.5","87","0","0","63.95","55","6.9","012.7","2428","Weather Station","allpress"
"29-12-22","06:00:02","7","91.4","0","0","35.73","25.75","6.9","012.7","2428","Weather Station","allpress"
"29-12-22","07:00:01","6.5","93.6","0","0","23","11.5","6.9","012.7","2428","Weather Station","allpress"
"29-12-22","08:00:01","5.5","96.7","0","0","19.78","12.5","6.8","012.7","2428","Weather Station","allpress"
"29-12-22","09:00:01","6.2","95.6","0","100.04","17.7","11.5","6.8","013.3","2428","Weather Station","allpress"
"29-12-22","10:00:01","7.4","87.4","0","90.28","31.5","22.5","6.7","013.4","2428","Weather Station","allpress"
"29-12-22","11:00:01","8.4","83.6","0","265.96","36.1","18.25","6.7","013.7","2428","Weather Station","allpress"
"29-12-22","12:00:02","8.4","82.9","0","280.6","40.93","20","6.6","013.7","2428","Weather Station","allpress"
"29-12-22","13:00:02","8.4","80.7","0","241.56","44.08","20.75","6.6","013.7","2428","Weather Station","allpress"
"29-12-22","14:00:01","8.4","78.7","0","173.24","44.05","20","6.7","013.7","2428","Weather Station","allpress"
"29-12-22","15:00:01","7","82","0","51.24","45.78","60","6.7","013.3","2428","Weather Station","allpress"
"29-12-22","16:00:01","5.9","88.5","0","2.44","45.05","68.25","6.6","013.1","2428","Weather Station","allpress"
"29-12-22","17:00:01","5.5","89.6","0","0","41.43","20.75","6.6","013.1","2428","Weather Station","allpress"
"29-12-22","18:00:01","5.2","91.3","0","0","32.48","16.5","6.6","013.1","2428","Weather Station","allpress"
"29-12-22","19:00:01","4.8","93.2","0","0","30.53","15.75","6.6","013.1","2428","Weather Station","allpress"
"29-12-22","20:00:02","4.4","94.2","0","0","31.4","15","6.5","013.1","2428","Weather Station","allpress"
"29-12-22","21:00:02","4.4","96.3","0","0","30.28","15.75","6.4","013.0","2428","Weather Station","allpress"
"29-12-22","22:00:01","4.2","97.6","0","0","30.23","16.5","6.4","013.0","2428","Weather Station","allpress"
"29-12-22","23:00:01","3.6","99.6","0","0","24.73","12.5","6.3","013.0","2428","Weather Station","allpress"
"30-12-22","00:00:01","3.6","100","0","0","21.58","11.5","6.2","013.0","2428","Weather Station","allpress"
"30-12-22","01:00:01","4.1","98.7","0","0","30.23","14","6.1","013.0","2428","Weather Station","allpress"
"30-12-22","02:00:01","4.2","100","0","0","26.48","13.25","6.1","013.0","2428","Weather Station","allpress"
"30-12-22","03:00:01","4.8","99.8","0","0","31.7","33.25","6","013.0","2428","Weather Station","allpress"
"30-12-22","04:00:01","5.1","98.5","0","0","39.35","47.5","6","013.0","2428","Weather Station","allpress"
"30-12-22","05:00:01","5.9","100","0","0","36.53","43.25","6","013.0","2428","Weather Station","allpress"
"30-12-22","06:00:01","6.6","94.8","0","0","39.18","39","6","013.0","2428","Weather Station","allpress"
"30-12-22","07:00:01","6.7","94.5","0","0","56.73","58.25","6","013.0","2428","Weather Station","allpress"
"30-12-22","08:00:01","7.1","95.3","0","0","46.45","40","6.1","012.9","2428","Weather Station","allpress"
"30-12-22","09:00:01","6.8","100","0","12.2","41.75","47.5","6.1","012.9","2428","Weather Station","allpress"
"30-12-22","10:00:01","7.2","100","0","70.76","50.3","48.25","6.1","013.0","2428","Weather Station","allpress"
"30-12-22","11:00:01","7.7","100","1","70.76","45.75","48.25","6.2","013.0","2428","Weather Station","allpress"
"30-12-22","12:00:01","8.1","100","0","82.96","56.18","82.5","6.3","013.0","2428","Weather Station","allpress"
"30-12-22","13:00:01","9.6","100","0","112.24","49.15","46.5","6.4","013.1","2428","Weather Station","allpress"
"30-12-22","14:00:01","11.8","98","0","112.24","46.9","47.5","6.5","013.0","2428","Weather Station","allpress"
"30-12-22","15:00:01","11.9","88.4","0","87.84","57.4","59","6.6","013.2","2428","Weather Station","allpress"
"30-12-22","16:00:01","11.3","94.7","0","0","39.18","20","6.7","013.0","2428","Weather Station","allpress"
"30-12-22","17:00:01","10.6","89.7","0","0","37.68","33.25","6.8","012.9","2428","Weather Station","allpress"
"30-12-22","18:00:01","9.7","89.1","0","0","35.53","17.5","6.9","012.9","2428","Weather Station","allpress"
"30-12-22","19:00:01","9","92.8","0","0","28.23","35.75","7","012.9","2428","Weather Station","allpress"
"30-12-22","20:00:01","8.9","90.8","0","0","29.08","14","7","012.9","2428","Weather Station","allpress"
"30-12-22","21:00:01","8","93.5","0","0","23.85","14","7","012.9","2428","Weather Station","allpress"
"30-12-22","22:00:01","8.4","92.9","0","0","21.08","13.25","7","012.9","2428","Weather Station","allpress"
"30-12-22","23:00:01","8.5","92.5","0","0","27.15","11.5","7","012.9","2428","Weather Station","allpress"
"31-12-22","00:00:01","8.5","95","0","0","26.05","12.5","7","012.9","2428","Weather Station","allpress"
"31-12-22","01:00:01","8.2","96","0","0","21.23","11.5","7","012.9","2428","Weather Station","allpress"
"31-12-22","02:00:01","8.5","99.1","0","0","24.08","11.5","7","012.8","2428","Weather Station","allpress"
"31-12-22","03:00:01","9.2","99","0","0","23.83","11.5","7","012.8","2428","Weather Station","allpress"
"31-12-22","04:00:01","8.8","100","0","0","26.15","13.25","7","012.8","2428","Weather Station","allpress"
"31-12-22","05:00:01","8.9","100","0","0","20.33","15.75","7.1","012.8","2428","Weather Station","allpress"
"31-12-22","06:00:02","8.9","100","2","0","17.83","10","7.1","012.8","2428","Weather Station","allpress"
"31-12-22","07:00:02","10.1","100","0","0","28.18","37.5","7.2","012.8","2428","Weather Station","allpress"
"31-12-22","08:00:01","11.7","100","0","0","41.3","45.75","7.2","012.8","2428","Weather Station","allpress"
"31-12-22","09:00:01","12.6","92.8","0","21.96","57.2","52.5","7.2","012.8","2428","Weather Station","allpress"
"31-12-22","10:00:01","12.4","90.9","0","82.96","47.25","57.5","7.3","012.8","2428","Weather Station","allpress"
"31-12-22","11:00:01","12.7","94.8","0","80.52","38.53","51.5","7.5","012.9","2428","Weather Station","allpress"
"31-12-22","12:00:01","12.6","92.6","0","95.16","37.75","47.5","7.6","012.9","2428","Weather Station","allpress"
"31-12-22","13:00:01","11.8","99.7","0","68.32","26.5","13.25","7.7","012.8","2428","Weather Station","allpress"
"31-12-22","14:00:01","11.3","100","1","26.84","13.1","10","7.8","012.8","2428","Weather Station","allpress"
"31-12-22","15:00:01","11.3","100","2","19.52","19.1","10.75","7.8","012.8","2428","Weather Station","allpress"
"31-12-22","16:00:01","11.5","100","1","0","24.03","11.5","7.9","012.8","2428","Weather Station","allpress"
"31-12-22","17:00:01","11.5","100","0","0","33.6","17.5","8","012.8","2428","Weather Station","allpress"
"31-12-22","18:00:02","11.3","100","0","0","38.5","18.25","8.1","012.8","2428","Weather Station","allpress"
"31-12-22","19:00:02","11.3","100","0","0","28.68","15.75","8.2","012.7","2428","Weather Station","allpress"
"31-12-22","20:00:02","10.6","100","2","0","33.3","21.5","8.2","012.7","2428","Weather Station","allpress"
"31-12-22","21:00:01","11.1","100","0","0","35.68","20","8.3","012.7","2428","Weather Station","allpress"
"31-12-22","22:00:01","11.4","93.9","0","0","32.83","16.5","8.3","012.7","2428","Weather Station","allpress"
"31-12-22","23:00:01","11.3","89.6","0","0","39.75","32.5","8.3","012.7","2428","Weather Station","allpress"
"01-01-23","00:00:01","10.1","97.5","0","0","34.53","19","8.4","012.7","2428","Weather Station","allpress"
"01-01-23","01:00:01","9.6","95.7","0","0","31.93","16.5","8.3","012.7","2428","Weather Station","allpress"
"01-01-23","02:00:01","9.4","94.1","0","0","38.03","17.5","8.3","012.7","2428","Weather Station","allpress"
"01-01-23","03:00:02","9.1","91.8","0","0","38.4","20.75","8.3","012.7","2428","Weather Station","allpress"
"01-01-23","04:00:02","8.4","95.1","0","0","42.6","32.5","8.2","012.7","2428","Weather Station","allpress"
"01-01-23","05:00:01","8.1","93.5","0","0","34.35","18.25","8.1","012.7","2428","Weather Station","allpress"
"01-01-23","06:00:01","8.1","93.2","0","0","29.35","16.5","8","012.7","2428","Weather Station","allpress"
"01-01-23","07:00:01","8.2","90.9","0","0","28.98","15.75","8","012.7","2428","Weather Station","allpress"
"01-01-23","08:00:01","7.8","89.5","0","0","32.18","15.75","7.9","012.7","2428","Weather Station","allpress"
"01-01-23","09:00:01","7.8","92.3","0","80.52","31.1","19","7.8","013.0","2428","Weather Station","allpress"
"01-01-23","10:00:01","9.4","82.9","0","202.52","25.35","13.25","7.8","013.7","2428","Weather Station","allpress"
"01-01-23","11:00:01","8.9","87.3","0","136.64","31.78","18.25","7.8","013.4","2428","Weather Station","allpress"
"01-01-23","12:00:01","9.4","88.4","0","200.08","24.2","12.5","7.7","013.4","2428","Weather Station","allpress"
"01-01-23","13:00:01","10.6","86.4","0","217.16","32.15","38.25","7.7","013.5","2428","Weather Station","allpress"
"01-01-23","14:00:01","10.2","89.6","0","131.76","30.7","24","7.7","013.3","2428","Weather Station","allpress"
"01-01-23","15:00:01","10","91.4","0","46.36","24.83","12.5","7.8","013.1","2428","Weather Station","allpress"
"01-01-23","16:00:01","9.4","93.9","0","0","17.93","12.5","7.8","013.1","2428","Weather Station","allpress"
"01-01-23","17:00:01","9","95.6","0","0","17.75","16.5","7.8","013.1","2428","Weather Station","allpress"
"01-01-23","18:00:01","8.7","97.8","0","0","7.83","6.5","7.8","013.0","2428","Weather Station","allpress"
"01-01-23","19:00:01","8.4","98.1","0","0","12.15","7.5","7.8","013.0","2428","Weather Station","allpress"
"01-01-23","20:00:01","6.8","100","1","0","7.15","5.75","7.8","013.0","2428","Weather Station","allpress"
"01-01-23","21:00:02","6.4","100","2","0","5.93","8.25","7.8","013.0","2428","Weather Station","allpress"
"01-01-23","22:00:02","6.2","100","0","0","4.58","4","7.8","013.0","2428","Weather Station","allpress"
"01-01-23","23:00:01","6","100","1","0","5.03","5.75","7.8","013.0","2428","Weather Station","allpress"
"02-01-23","00:00:01","5.9","100","0","0","9","5.75","7.7","012.9","2428","Weather Station","allpress"
"02-01-23","01:00:01","5.2","100","0","0","11.1","5.75","7.7","012.9","2428","Weather Station","allpress"
"02-01-23","02:00:01","4.8","100","0","0","11.5","5.75","7.6","012.9","2428","Weather Station","allpress"
"02-01-23","03:00:01","4.4","100","0","0","10.7","5.75","7.6","012.9","2428","Weather Station","allpress"
"02-01-23","04:00:01","4.9","100","0","0","15.98","9","7.5","012.9","2428","Weather Station","allpress"
"02-01-23","05:00:01","4.8","100","0","0","14.93","8.25","7.4","012.9","2428","Weather Station","allpress"
"02-01-23","06:00:02","5.1","100","0","0","12.95","7.5","7.3","012.9","2428","Weather Station","allpress"
"02-01-23","07:00:02","4.2","100","0","0","17.48","11.5","7.3","012.8","2428","Weather Station","allpress"
"02-01-23","08:00:01","3.2","100","0","0","12.78","6.5","7.2","012.8","2428","Weather Station","allpress"
"02-01-23","09:00:01","4.1","100","0","102.48","16.23","12.5","7.2","013.7","2428","Weather Station","allpress"
"02-01-23","10:00:02","4.7","100","0","143.96","17.6","14","7.1","013.6","2428","Weather Station","allpress"
"02-01-23","11:00:02","5.3","94.7","0","153.72","20.2","14","7.1","013.7","2428","Weather Station","allpress"
"02-01-23","12:00:01","6.6","90.4","0","285.48","25.25","30","7","013.7","2428","Weather Station","allpress"
"02-01-23","13:00:01","6.7","85.8","0","197.64","24.5","31.5","7","013.7","2428","Weather Station","allpress"
"02-01-23","14:00:01","6.6","82.6","0","134.2","22.9","11.5","7","013.7","2428","Weather Station","allpress"
"02-01-23","15:00:01","6.2","81.2","0","73.2","17.6","10","7","013.5","2428","Weather Station","allpress"
"02-01-23","16:00:01","3.7","90.1","0","4.88","4.8","6.5","7","013.2","2428","Weather Station","allpress"
"02-01-23","17:00:01","1.7","100","0","0","0","0","6.9","013.1","2428","Weather Station","allpress"
"02-01-23","18:00:01","0.5","100","0","0","0","0","6.8","013.1","2428","Weather Station","allpress"
"02-01-23","19:00:01","-0.2","100","0","0","0","0","6.6","013.0","2428","Weather Station","allpress"
"02-01-23","20:00:01","-0.7","100","0","0","0","0","6.6","013.0","2428","Weather Station","allpress"
"02-01-23","21:00:01","-1","100","0","0","0","0","6.4","013.0","2428","Weather Station","allpress"
"02-01-23","22:00:01","-1.1","100","0","0","0","0","6.2","013.0","2428","Weather Station","allpress"
"02-01-23","23:00:01","-0.9","100","0","0","0","0","6.1","013.0","2428","Weather Station","allpress"
"03-01-23","00:00:01","-1.2","100","0","0","0","0","5.9","012.9","2428","Weather Station","allpress"
"03-01-23","01:00:01","-1.2","100","0","0","0.18","4","5.8","012.9","2428","Weather Station","allpress"
"03-01-23","02:00:01","-0.3","100","0","0","1.55","4","5.6","012.9","2428","Weather Station","allpress"
"03-01-23","03:00:01","0.6","100","0","0","7.95","15","5.5","012.9","2428","Weather Station","allpress"
"03-01-23","04:00:01","1.1","100","0","0","10.48","12.5","5.3","012.9","2428","Weather Station","allpress"
"03-01-23","05:00:01","1.8","100","0","0","7.1","7.5","5.3","012.9","2428","Weather Station","allpress"
"03-01-23","06:00:01","1.8","100","0","0","7.2","12.5","5.2","012.9","2428","Weather Station","allpress"
"03-01-23","07:00:01","3.4","100","0","0","18.85","20","5.2","012.9","2428","Weather Station","allpress"
"03-01-23","08:00:01","4.4","100","0","0","26.68","13.25","5.2","012.9","2428","Weather Station","allpress"
"03-01-23","09:00:01","5.2","100","1","19.52","26.18","26.5","5.2","012.9","2428","Weather Station","allpress"
"03-01-23","10:00:01","7.2","100","0","80.52","45.08","50.75","5.3","013.0","2428","Weather Station","allpress"
"03-01-23","11:00:02","8.1","100","0","97.6","41.85","45","5.4","013.0","2428","Weather Station","allpress"
"03-01-23","12:00:02","8.5","100","0","48.8","41.08","42.5","5.6","013.0","2428","Weather Station","allpress"
"03-01-23","13:00:01","8.5","100","0","48.8","35.98","16.5","5.8","012.9","2428","Weather Station","allpress"
"03-01-23","14:00:01","8.7","100","0","80.52","37.98","19","5.9","013.0","2428","Weather Station","allpress"
"03-01-23","15:00:01","9.3","100","1","36.6","38.3","40","6","012.9","2428","Weather Station","allpress"
"03-01-23","16:00:01","9.2","100","0","0","38.25","35","6.2","012.9","2428","Weather Station","allpress"
"03-01-23","17:00:01","9.6","100","0","0","48.5","61.5","6.3","012.9","2428","Weather Station","allpress"
"03-01-23","18:00:01","10.3","98.7","0","0","57.9","57.5","6.5","012.9","2428","Weather Station","allpress"
"03-01-23","19:00:01","10.2","100","0","0","46.18","65.75","6.6","012.9","2428","Weather Station","allpress"
"03-01-23","20:00:01","10.2","100","0","0","41.1","21.5","6.6","012.9","2428","Weather Station","allpress"
"03-01-23","21:00:01","10.9","99.5","0","0","40.45","20.75","6.8","012.9","2428","Weather Station","allpress"
"03-01-23","22:00:01","11.4","99.2","0","0","40.1","35","6.9","012.9","2428","Weather Station","allpress"
